-- phpMyAdmin SQL Dump
-- version 4.8.2
-- https://www.phpmyadmin.net/
--
-- Host: 127.0.0.1
-- Generation Time: Aug 28, 2018 at 03:06 PM
-- Server version: 10.1.34-MariaDB
-- PHP Version: 7.2.8

SET SQL_MODE = "NO_AUTO_VALUE_ON_ZERO";
SET AUTOCOMMIT = 0;
START TRANSACTION;
SET time_zone = "+00:00";


/*!40101 SET @OLD_CHARACTER_SET_CLIENT=@@CHARACTER_SET_CLIENT */;
/*!40101 SET @OLD_CHARACTER_SET_RESULTS=@@CHARACTER_SET_RESULTS */;
/*!40101 SET @OLD_COLLATION_CONNECTION=@@COLLATION_CONNECTION */;
/*!40101 SET NAMES utf8mb4 */;

--
-- Database: `reportsheet`
--

-- --------------------------------------------------------

--
-- Table structure for table `admin`
--

CREATE TABLE `admin` (
  `id` int(11) NOT NULL,
  `User_Name` varchar(45) DEFAULT NULL,
  `Password` varchar(250) DEFAULT NULL,
  `Student_id` tinyint(4) NOT NULL,
  `Class_id` tinyint(4) NOT NULL,
  `Term_id` tinyint(4) NOT NULL,
  `Year_id` tinyint(4) NOT NULL
) ENGINE=InnoDB DEFAULT CHARSET=utf8;

--
-- Dumping data for table `admin`
--

INSERT INTO `admin` (`id`, `User_Name`, `Password`, `Student_id`, `Class_id`, `Term_id`, `Year_id`) VALUES
(2, 'Kamal', '$2y$10$BSQBKMGoX7V6GxprjNWb.eAFZaMeJiuyE7VgkZ2H3qH5UWg/PIWwO', 0, 0, 0, 0),
(3, 'Kurami', '$2y$10$arIDL63z8FvKzvIX2gRYqeSjKbpNeOT97Ilhwk0Oj09Smtu4SNqWe', 0, 0, 0, 0);

-- --------------------------------------------------------

--
-- Table structure for table `classess`
--

CREATE TABLE `classess` (
  `id` int(11) NOT NULL,
  `Class` varchar(45) DEFAULT NULL,
  `Section_id` int(11) NOT NULL
) ENGINE=InnoDB DEFAULT CHARSET=utf8;

--
-- Dumping data for table `classess`
--

INSERT INTO `classess` (`id`, `Class`, `Section_id`) VALUES
(12, 'Primary 1A', 2),
(24, 'JSS 1 RED', 3),
(25, 'JSS 1 WHITE', 3),
(26, 'JSS 1 BLUE', 3),
(27, 'JSS 2 BLUE', 3),
(28, 'JSS 2 WHITE', 3),
(29, 'JSS 2 RED', 3),
(30, 'SS 1 SCIENCE', 4),
(31, 'SS 1 ART', 4),
(32, 'SS 2 ART', 4),
(33, 'SS 2 SCIENCE', 4),
(34, 'NURSERY 1A', 1),
(35, 'JSS', 3);

-- --------------------------------------------------------

--
-- Table structure for table `scores`
--

CREATE TABLE `scores` (
  `id` int(11) NOT NULL,
  `First_CA` int(11) DEFAULT NULL,
  `Second_CA` int(11) DEFAULT NULL,
  `Exam` int(11) DEFAULT NULL,
  `Total_Score` int(11) DEFAULT NULL,
  `Students_id` int(11) NOT NULL,
  `Students_Classess_id` int(11) NOT NULL,
  `Terms_id` int(11) NOT NULL,
  `Terms_Years_id` int(11) NOT NULL,
  `Subjects_id` int(11) NOT NULL
) ENGINE=InnoDB DEFAULT CHARSET=utf8;

--
-- Dumping data for table `scores`
--

INSERT INTO `scores` (`id`, `First_CA`, `Second_CA`, `Exam`, `Total_Score`, `Students_id`, `Students_Classess_id`, `Terms_id`, `Terms_Years_id`, `Subjects_id`) VALUES
(1, 10, 15, 42, 67, 155, 30, 10, 11, 29),
(2, 20, 20, 58, 98, 197, 24, 10, 11, 28),
(3, 20, 20, 60, 100, 197, 24, 10, 11, 25),
(4, 20, 15, 46, 81, 194, 24, 10, 11, 25),
(5, 15, 17, 50, 82, 215, 24, 10, 11, 25),
(6, 10, 10, 32, 52, 229, 24, 10, 11, 25),
(7, 15, 10, 43, 68, 199, 24, 10, 11, 25),
(8, 15, 15, 27, 57, 193, 24, 10, 11, 25),
(9, 13, 10, 26, 49, 196, 24, 10, 11, 25),
(10, 14, 11, 42, 67, 198, 24, 10, 11, 25),
(11, 10, 10, 20, 40, 200, 24, 10, 11, 25),
(12, 15, 13, 27, 55, 201, 24, 10, 11, 25),
(13, 15, 10, 25, 50, 195, 24, 10, 11, 25),
(14, 7, 18, 38, 63, 216, 24, 10, 11, 25),
(15, 15, 15, 30, 60, 217, 24, 10, 11, 25),
(16, 8, 20, 50, 78, 218, 24, 10, 11, 25),
(17, 18, 10, 40, 68, 220, 24, 10, 11, 25),
(18, 12, 20, 48, 80, 219, 24, 10, 11, 25),
(19, 15, 15, 35, 65, 221, 24, 10, 11, 25),
(20, 18, 20, 48, 86, 222, 24, 10, 11, 25),
(21, 20, 15, 57, 92, 202, 24, 10, 11, 25),
(22, 18, 16, 40, 74, 223, 24, 10, 11, 25),
(23, 10, 10, 40, 60, 203, 24, 10, 11, 25),
(24, 15, 10, 30, 55, 204, 24, 10, 11, 25),
(25, 17, 13, 20, 50, 205, 24, 10, 11, 25),
(26, 5, 10, 28, 43, 225, 24, 10, 11, 25),
(27, 19, 18, 60, 97, 206, 24, 10, 11, 25),
(28, 20, 18, 50, 88, 207, 24, 10, 11, 25),
(29, 20, 20, 55, 95, 226, 24, 10, 11, 25),
(30, 20, 18, 54, 92, 227, 24, 10, 11, 25),
(31, 20, 18, 53, 91, 210, 24, 10, 11, 25),
(32, 19, 16, 50, 85, 209, 24, 10, 11, 25),
(33, 20, 10, 54, 84, 211, 24, 10, 11, 25),
(34, 20, 12, 51, 83, 212, 24, 10, 11, 25),
(35, 12, 15, 27, 54, 214, 24, 10, 11, 25),
(36, 18, 19, 58, 95, 228, 24, 10, 11, 25),
(37, 12, 10, 43, 65, 52, 26, 10, 11, 28),
(38, 10, 17, 39, 66, 54, 26, 10, 11, 28),
(39, 10, 5, 17, 32, 45, 26, 10, 11, 28),
(40, 10, 17, 32, 59, 34, 26, 10, 11, 28),
(41, 10, 12, 38, 60, 32, 26, 10, 11, 28),
(42, 10, 16, 33, 59, 43, 26, 10, 11, 28),
(43, 12, 12, 16, 40, 58, 26, 10, 11, 28),
(44, 12, 7, 21, 40, 56, 26, 10, 11, 28),
(45, 10, 14, 10, 34, 50, 26, 10, 11, 28),
(46, 10, 15, 32, 57, 51, 26, 10, 11, 28),
(47, 14, 18, 50, 82, 35, 26, 10, 11, 28),
(48, 10, 10, 22, 42, 42, 26, 10, 11, 28),
(49, 10, 5, 10, 25, 46, 26, 10, 11, 28),
(50, 10, 16, 34, 60, 57, 26, 10, 11, 28),
(51, 14, 20, 41, 75, 60, 26, 10, 11, 28),
(52, 12, 18, 35, 65, 64, 26, 10, 11, 28),
(53, 14, 20, 30, 64, 59, 26, 10, 11, 28),
(54, 12, 20, 38, 70, 65, 26, 10, 11, 28),
(55, 12, 17, 36, 65, 66, 26, 10, 11, 28),
(56, 13, 20, 53, 86, 36, 26, 10, 11, 28),
(57, 13, 16, 33, 62, 61, 26, 10, 11, 28),
(58, 10, 7, 10, 27, 37, 26, 10, 11, 28),
(59, 11, 18, 41, 70, 48, 26, 10, 11, 28),
(60, 10, 7, 31, 48, 55, 26, 10, 11, 28),
(61, 14, 18, 39, 71, 67, 26, 10, 11, 28),
(62, 10, 10, 50, 70, 39, 26, 10, 11, 28),
(63, 13, 20, 54, 87, 38, 26, 10, 11, 28),
(64, 16, 20, 43, 79, 44, 26, 10, 11, 28),
(65, 16, 20, 53, 89, 40, 26, 10, 11, 28),
(66, 14, 18, 44, 76, 62, 26, 10, 11, 28),
(67, 13, 18, 40, 71, 53, 26, 10, 11, 28),
(68, 5, 5, 6, 16, 68, 26, 10, 11, 28),
(69, 10, 5, 10, 25, 47, 26, 10, 11, 28),
(70, 14, 20, 52, 86, 63, 26, 10, 11, 28),
(71, 10, 14, 27, 51, 52, 26, 10, 11, 50),
(72, 15, 17, 54, 86, 54, 26, 10, 11, 50),
(73, 10, 18, 42, 70, 45, 26, 10, 11, 50),
(74, 16, 17, 60, 93, 34, 26, 10, 11, 50),
(75, 15, 17, 28, 60, 32, 26, 10, 11, 50),
(76, 12, 16, 53, 81, 43, 26, 10, 11, 50),
(77, 20, 20, 60, 100, 30, 26, 10, 11, 50),
(78, 10, 15, 31, 56, 58, 26, 10, 11, 50),
(79, 16, 18, 52, 86, 56, 26, 10, 11, 50),
(80, 5, 10, 30, 45, 50, 26, 10, 11, 50),
(81, 12, 14, 45, 71, 51, 26, 10, 11, 50),
(82, 19, 18, 60, 97, 35, 26, 10, 11, 50),
(83, 6, 13, 44, 63, 42, 26, 10, 11, 50),
(84, 10, 13, 14, 37, 46, 26, 10, 11, 50),
(85, 14, 15, 36, 65, 57, 26, 10, 11, 50),
(86, 20, 19, 58, 97, 60, 26, 10, 11, 50),
(87, 13, 15, 51, 79, 64, 26, 10, 11, 50),
(88, 18, 18, 57, 93, 59, 26, 10, 11, 50),
(89, 18, 19, 60, 97, 65, 26, 10, 11, 50),
(90, 14, 17, 54, 85, 66, 26, 10, 11, 50),
(91, 15, 17, 51, 83, 36, 26, 10, 11, 50),
(92, 15, 16, 50, 81, 61, 26, 10, 11, 50),
(93, 10, 12, 26, 48, 37, 26, 10, 11, 50),
(94, 17, 19, 56, 92, 48, 26, 10, 11, 50),
(95, 10, 15, 45, 70, 55, 26, 10, 11, 50),
(96, 17, 16, 27, 60, 67, 26, 10, 11, 50),
(97, 16, 19, 58, 93, 39, 26, 10, 11, 50),
(98, 15, 19, 58, 92, 38, 26, 10, 11, 50),
(99, 20, 19, 59, 98, 40, 26, 10, 11, 50),
(100, 20, 20, 55, 95, 62, 26, 10, 11, 50),
(101, 12, 15, 59, 86, 53, 26, 10, 11, 50),
(102, 10, 5, 20, 35, 47, 26, 10, 11, 50),
(103, 5, 10, 15, 30, 68, 26, 10, 11, 50),
(104, 14, 16, 58, 88, 63, 26, 10, 11, 50),
(105, 17, 19, 59, 95, 33, 26, 10, 11, 50),
(106, 17, 20, 57, 94, 31, 26, 10, 11, 50),
(107, 18, 19, 60, 97, 41, 26, 10, 11, 50),
(108, 10, 19, 40, 69, 52, 26, 10, 11, 25),
(109, 12, 14, 51, 77, 54, 26, 10, 11, 25),
(110, 18, 15, 55, 88, 34, 26, 10, 11, 25),
(111, 10, 11, 25, 46, 32, 26, 10, 11, 25),
(112, 16, 15, 32, 63, 43, 26, 10, 11, 25),
(113, 18, 16, 56, 90, 30, 26, 10, 11, 25),
(114, 10, 17, 22, 49, 58, 26, 10, 11, 25),
(115, 10, 11, 38, 59, 56, 26, 10, 11, 25),
(116, 14, 10, 10, 34, 50, 26, 10, 11, 25),
(117, 17, 13, 46, 76, 51, 26, 10, 11, 25),
(118, 20, 20, 51, 91, 35, 26, 10, 11, 25),
(119, 10, 10, 20, 40, 42, 26, 10, 11, 25),
(120, 10, 10, 10, 30, 46, 26, 10, 11, 25),
(121, 14, 18, 52, 84, 57, 26, 10, 11, 25),
(122, 10, 15, 54, 79, 60, 26, 10, 11, 25),
(123, 12, 18, 44, 74, 64, 26, 10, 11, 25),
(124, 10, 18, 43, 71, 59, 26, 10, 11, 25),
(125, 10, 18, 53, 81, 65, 26, 10, 11, 25),
(126, 12, 15, 54, 81, 66, 26, 10, 11, 25),
(127, 20, 15, 53, 88, 36, 26, 10, 11, 25),
(128, 10, 16, 47, 73, 61, 26, 10, 11, 25),
(129, 10, 10, 12, 32, 37, 26, 10, 11, 25),
(130, 12, 18, 47, 77, 48, 26, 10, 11, 25),
(131, 10, 18, 26, 54, 67, 26, 10, 11, 25),
(132, 19, 18, 47, 84, 39, 26, 10, 11, 25),
(133, 20, 19, 58, 97, 38, 26, 10, 11, 25),
(134, 19, 18, 57, 94, 40, 26, 10, 11, 25),
(135, 10, 20, 44, 74, 62, 26, 10, 11, 25),
(136, 14, 19, 46, 79, 53, 26, 10, 11, 25),
(137, 10, 12, 30, 52, 68, 26, 10, 11, 25),
(138, 13, 12, 10, 35, 47, 26, 10, 11, 25),
(139, 11, 18, 50, 79, 63, 26, 10, 11, 25),
(140, 15, 15, 54, 84, 44, 26, 10, 11, 25),
(141, 14, 20, 58, 92, 192, 24, 10, 11, 28),
(142, 10, 10, 29, 49, 194, 24, 10, 11, 28),
(143, 12, 10, 50, 72, 215, 24, 10, 11, 28),
(144, 8, 5, 7, 20, 229, 24, 10, 11, 28),
(145, 10, 10, 39, 59, 199, 24, 10, 11, 28),
(146, 5, 5, 4, 14, 193, 24, 10, 11, 28),
(147, 10, 5, 11, 26, 196, 24, 10, 11, 28),
(148, 5, 5, 36, 46, 198, 24, 10, 11, 28),
(149, 5, 5, 10, 20, 200, 24, 10, 11, 28),
(150, 5, 5, 12, 22, 201, 24, 10, 11, 28),
(151, 12, 7, 10, 29, 195, 24, 10, 11, 28),
(152, 14, 10, 49, 73, 216, 24, 10, 11, 28),
(153, 14, 7, 31, 52, 217, 24, 10, 11, 28),
(154, 14, 17, 51, 82, 218, 24, 10, 11, 28),
(155, 14, 17, 8, 39, 220, 24, 10, 11, 28),
(156, 14, 14, 52, 80, 219, 24, 10, 11, 28),
(157, 14, 16, 50, 80, 222, 24, 10, 11, 28),
(158, 10, 19, 52, 81, 202, 24, 10, 11, 28),
(159, 14, 12, 40, 66, 223, 24, 10, 11, 28),
(160, 10, 5, 18, 33, 204, 24, 10, 11, 28),
(161, 5, 5, 29, 39, 205, 24, 10, 11, 28),
(162, 13, 5, 7, 25, 225, 24, 10, 11, 28),
(163, 14, 10, 51, 75, 206, 24, 10, 11, 28),
(164, 16, 18, 54, 88, 226, 24, 10, 11, 28),
(165, 14, 17, 56, 87, 227, 24, 10, 11, 28),
(166, 18, 20, 51, 89, 210, 24, 10, 11, 28),
(167, 14, 10, 47, 71, 209, 24, 10, 11, 28),
(168, 13, 10, 44, 67, 212, 24, 10, 11, 28),
(169, 10, 10, 21, 41, 214, 24, 10, 11, 28),
(170, 12, 10, 43, 65, 228, 24, 10, 11, 28),
(171, 10, 5, 5, 20, 213, 24, 10, 11, 28),
(172, 20, 19, 59, 98, 197, 24, 10, 11, 50),
(173, 16, 20, 52, 88, 194, 24, 10, 11, 50),
(174, 10, 13, 55, 78, 215, 24, 10, 11, 50),
(175, 18, 19, 56, 93, 192, 24, 10, 11, 50),
(176, 5, 10, 22, 37, 229, 24, 10, 11, 50),
(177, 10, 15, 59, 84, 199, 24, 10, 11, 50),
(178, 5, 17, 23, 45, 193, 24, 10, 11, 50),
(179, 5, 10, 15, 30, 196, 24, 10, 11, 50),
(180, 20, 19, 56, 95, 198, 24, 10, 11, 50),
(181, 7, 13, 26, 46, 201, 24, 10, 11, 50),
(182, 5, 10, 10, 25, 213, 24, 10, 11, 50),
(183, 10, 13, 36, 59, 195, 24, 10, 11, 50),
(184, 13, 16, 56, 85, 216, 24, 10, 11, 50),
(185, 12, 15, 57, 84, 217, 24, 10, 11, 50),
(186, 20, 19, 56, 95, 218, 24, 10, 11, 50),
(187, 10, 14, 36, 60, 220, 24, 10, 11, 50),
(188, 15, 16, 55, 86, 219, 24, 10, 11, 50),
(189, 10, 14, 29, 53, 221, 24, 10, 11, 50),
(190, 16, 17, 53, 86, 222, 24, 10, 11, 50),
(191, 17, 18, 57, 92, 202, 24, 10, 11, 50),
(192, 13, 15, 57, 85, 223, 24, 10, 11, 50),
(193, 10, 13, 46, 69, 203, 24, 10, 11, 50),
(194, 14, 15, 40, 69, 204, 24, 10, 11, 50),
(195, 13, 15, 24, 52, 205, 24, 10, 11, 50),
(196, 15, 16, 54, 85, 225, 24, 10, 11, 50),
(197, 20, 19, 44, 83, 206, 24, 10, 11, 50),
(198, 20, 20, 58, 98, 207, 24, 10, 11, 50),
(199, 18, 17, 53, 88, 226, 24, 10, 11, 50),
(200, 19, 20, 59, 98, 227, 24, 10, 11, 50),
(201, 17, 16, 51, 84, 210, 24, 10, 11, 50),
(202, 17, 19, 33, 69, 209, 24, 10, 11, 50),
(203, 18, 19, 57, 94, 211, 24, 10, 11, 50),
(204, 10, 15, 45, 70, 212, 24, 10, 11, 50),
(205, 10, 13, 29, 52, 214, 24, 10, 11, 50),
(206, 15, 17, 45, 77, 230, 24, 10, 11, 50),
(207, 20, 20, 59, 99, 228, 24, 10, 11, 50),
(208, 14, 10, 34, 58, 70, 25, 10, 11, 28),
(209, 13, 19, 48, 80, 72, 25, 10, 11, 28),
(210, 14, 18, 48, 80, 69, 25, 10, 11, 28),
(211, 10, 5, 13, 28, 97, 25, 10, 11, 28),
(212, 5, 5, 35, 45, 93, 25, 10, 11, 28),
(213, 14, 10, 48, 72, 95, 25, 10, 11, 28),
(214, 10, 14, 29, 53, 109, 25, 10, 11, 28),
(215, 18, 20, 57, 95, 94, 25, 10, 11, 28),
(216, 20, 18, 58, 96, 96, 25, 10, 11, 28),
(217, 14, 10, 33, 57, 104, 25, 10, 11, 28),
(218, 10, 14, 18, 42, 107, 25, 10, 11, 28),
(219, 14, 5, 26, 45, 108, 25, 10, 11, 28),
(220, 10, 12, 30, 52, 98, 25, 10, 11, 28),
(221, 14, 15, 55, 84, 99, 25, 10, 11, 28),
(222, 14, 18, 38, 70, 103, 25, 10, 11, 28),
(223, 16, 10, 51, 77, 74, 25, 10, 11, 28),
(224, 10, 8, 43, 61, 91, 25, 10, 11, 28),
(225, 10, 12, 12, 34, 75, 25, 10, 11, 28),
(226, 10, 10, 10, 30, 110, 25, 10, 11, 28),
(227, 14, 19, 52, 85, 78, 25, 10, 11, 28),
(228, 10, 6, 36, 52, 89, 25, 10, 11, 28),
(229, 18, 20, 57, 95, 106, 25, 10, 11, 28),
(230, 14, 18, 57, 89, 71, 25, 10, 11, 28),
(231, 10, 5, 15, 30, 76, 25, 10, 11, 28),
(232, 10, 8, 24, 42, 86, 25, 10, 11, 28),
(233, 10, 6, 35, 51, 90, 25, 10, 11, 28),
(234, 14, 17, 35, 66, 102, 25, 10, 11, 28),
(235, 10, 5, 13, 28, 79, 25, 10, 11, 28),
(236, 10, 8, 16, 34, 77, 25, 10, 11, 28),
(237, 13, 19, 48, 80, 80, 25, 10, 11, 28),
(238, 10, 11, 30, 51, 81, 25, 10, 11, 28),
(239, 11, 18, 46, 75, 92, 25, 10, 11, 28),
(240, 14, 15, 48, 77, 82, 25, 10, 11, 28),
(241, 14, 18, 44, 76, 83, 25, 10, 11, 28),
(242, 12, 11, 54, 77, 88, 25, 10, 11, 28),
(243, 14, 10, 57, 81, 84, 25, 10, 11, 28),
(244, 10, 4, 40, 54, 85, 25, 10, 11, 28),
(245, 12, 8, 26, 46, 87, 25, 10, 11, 28),
(246, 18, 20, 54, 92, 70, 25, 10, 11, 50),
(247, 13, 12, 45, 70, 85, 25, 10, 11, 50),
(248, 14, 17, 53, 84, 72, 25, 10, 11, 50),
(249, 18, 20, 54, 92, 69, 25, 10, 11, 50),
(250, 8, 18, 35, 61, 87, 25, 10, 11, 50),
(251, 19, 20, 59, 98, 73, 25, 10, 11, 50),
(252, 3, 13, 27, 43, 97, 25, 10, 11, 50),
(253, 19, 20, 42, 81, 93, 25, 10, 11, 50),
(254, 15, 18, 57, 90, 95, 25, 10, 11, 50),
(255, 18, 20, 59, 97, 94, 25, 10, 11, 50),
(256, 20, 20, 59, 99, 96, 25, 10, 11, 50),
(257, 15, 20, 44, 79, 107, 25, 10, 11, 50),
(258, 3, 13, 17, 33, 100, 25, 10, 11, 50),
(259, 12, 16, 55, 83, 108, 25, 10, 11, 50),
(260, 6, 12, 24, 42, 98, 25, 10, 11, 50),
(261, 19, 20, 51, 90, 99, 25, 10, 11, 50),
(262, 19, 20, 57, 96, 103, 25, 10, 11, 50),
(263, 20, 20, 54, 94, 74, 25, 10, 11, 50),
(264, 4, 10, 24, 38, 75, 25, 10, 11, 50),
(265, 9, 13, 20, 42, 110, 25, 10, 11, 50),
(266, 20, 20, 56, 96, 78, 25, 10, 11, 50),
(267, 16, 18, 52, 86, 89, 25, 10, 11, 50),
(268, 15, 18, 51, 84, 101, 25, 10, 11, 50),
(269, 16, 20, 56, 92, 106, 25, 10, 11, 50),
(270, 19, 20, 59, 98, 71, 25, 10, 11, 50),
(271, 3, 13, 22, 38, 76, 25, 10, 11, 50),
(272, 6, 12, 25, 43, 86, 25, 10, 11, 50),
(273, 12, 15, 40, 67, 90, 25, 10, 11, 50),
(274, 14, 17, 59, 90, 102, 25, 10, 11, 50),
(275, 4, 12, 39, 55, 79, 25, 10, 11, 50),
(276, 6, 16, 36, 58, 77, 25, 10, 11, 50),
(277, 19, 20, 60, 99, 80, 25, 10, 11, 50),
(278, 19, 20, 50, 89, 81, 25, 10, 11, 50),
(279, 7, 17, 43, 67, 92, 25, 10, 11, 50),
(280, 14, 19, 55, 88, 82, 25, 10, 11, 50),
(281, 9, 15, 55, 79, 83, 25, 10, 11, 50),
(282, 19, 20, 51, 90, 88, 25, 10, 11, 50),
(283, 14, 18, 55, 87, 84, 25, 10, 11, 50),
(284, 11, 14, 44, 69, 104, 25, 10, 11, 50),
(285, 15, 20, 57, 92, 70, 25, 10, 11, 25),
(286, 15, 10, 30, 55, 85, 25, 10, 11, 25),
(287, 20, 18, 46, 84, 72, 25, 10, 11, 25),
(288, 16, 18, 37, 71, 69, 25, 10, 11, 25),
(289, 11, 18, 51, 80, 87, 25, 10, 11, 25),
(290, 20, 20, 58, 98, 73, 25, 10, 11, 25),
(291, 10, 10, 22, 42, 97, 25, 10, 11, 25),
(292, 10, 14, 32, 56, 93, 25, 10, 11, 25),
(293, 13, 19, 56, 88, 95, 25, 10, 11, 25),
(294, 12, 11, 49, 72, 109, 25, 10, 11, 25),
(295, 15, 20, 55, 90, 94, 25, 10, 11, 25),
(296, 20, 20, 60, 100, 96, 25, 10, 11, 25),
(297, 10, 18, 42, 70, 104, 25, 10, 11, 25),
(298, 13, 15, 38, 66, 107, 25, 10, 11, 25),
(299, 15, 12, 36, 63, 100, 25, 10, 11, 25),
(300, 10, 20, 14, 44, 108, 25, 10, 11, 25),
(301, 6, 20, 17, 43, 98, 25, 10, 11, 25),
(302, 14, 11, 54, 79, 99, 25, 10, 11, 25),
(303, 15, 18, 57, 90, 103, 25, 10, 11, 25),
(304, 20, 18, 58, 96, 74, 25, 10, 11, 25),
(305, 10, 18, 51, 79, 91, 25, 10, 11, 25),
(306, 15, 12, 21, 48, 75, 25, 10, 11, 25),
(307, 10, 18, 13, 41, 110, 25, 10, 11, 25),
(308, 15, 20, 56, 91, 78, 25, 10, 11, 25),
(309, 19, 18, 50, 87, 89, 25, 10, 11, 25),
(310, 14, 19, 51, 84, 101, 25, 10, 11, 25),
(311, 15, 20, 57, 92, 106, 25, 10, 11, 25),
(312, 15, 18, 59, 92, 71, 25, 10, 11, 25),
(313, 10, 15, 31, 56, 76, 25, 10, 11, 25),
(314, 13, 15, 21, 49, 86, 25, 10, 11, 25),
(315, 14, 15, 42, 71, 90, 25, 10, 11, 25),
(316, 7, 20, 45, 72, 102, 25, 10, 11, 25),
(317, 10, 15, 23, 48, 79, 25, 10, 11, 25),
(318, 18, 14, 23, 55, 77, 25, 10, 11, 25),
(319, 20, 18, 50, 88, 80, 25, 10, 11, 25),
(320, 20, 18, 42, 80, 81, 25, 10, 11, 25),
(321, 10, 15, 38, 63, 92, 25, 10, 11, 25),
(322, 15, 17, 48, 80, 82, 25, 10, 11, 25),
(323, 14, 18, 47, 79, 83, 25, 10, 11, 25),
(324, 16, 17, 51, 84, 88, 25, 10, 11, 25),
(325, 15, 18, 58, 91, 84, 25, 10, 11, 25),
(326, 2, 10, 37, 49, 12, 28, 10, 11, 26),
(327, 3, 19, 8, 30, 7, 28, 10, 11, 26),
(328, 2, 5, 7, 14, 5, 28, 10, 11, 26),
(329, 6, 10, 20, 36, 9, 28, 10, 11, 26),
(330, 2, 15, 30, 47, 19, 28, 10, 11, 26),
(331, 10, 15, 19, 44, 2, 28, 10, 11, 26),
(332, 5, 10, 25, 40, 11, 28, 10, 11, 26),
(333, 10, 20, 19, 49, 22, 28, 10, 11, 26),
(334, 8, 20, 42, 70, 24, 28, 10, 11, 26),
(335, 14, 20, 36, 70, 6, 28, 10, 11, 26),
(336, 8, 10, 10, 28, 26, 28, 10, 11, 26),
(337, 10, 10, 41, 61, 28, 28, 10, 11, 26),
(338, 5, 13, 14, 32, 8, 28, 10, 11, 26),
(339, 14, 13, 35, 62, 20, 28, 10, 11, 26),
(340, 5, 10, 8, 23, 10, 28, 10, 11, 26),
(341, 7, 10, 16, 33, 1, 28, 10, 11, 26),
(342, 4, 15, 40, 59, 23, 28, 10, 11, 26),
(343, 5, 17, 31, 53, 25, 28, 10, 11, 26),
(344, 8, 15, 21, 44, 29, 28, 10, 11, 26),
(345, 5, 10, 5, 20, 3, 28, 10, 11, 26),
(346, 12, 19, 47, 78, 14, 28, 10, 11, 26),
(347, 20, 20, 24, 64, 18, 28, 10, 11, 26),
(348, 5, 10, 24, 39, 17, 28, 10, 11, 26),
(349, 5, 10, 18, 33, 4, 28, 10, 11, 26),
(350, 15, 20, 12, 47, 21, 28, 10, 11, 26),
(351, 5, 10, 16, 31, 16, 28, 10, 11, 26),
(352, 18, 20, 27, 65, 15, 28, 10, 11, 26),
(353, 6, 5, 21, 32, 27, 28, 10, 11, 26),
(354, 17, 13, 50, 80, 155, 30, 10, 11, 31),
(355, 16, 6, 26, 48, 159, 30, 10, 11, 31),
(356, 19, 6, 38, 63, 160, 30, 10, 11, 31),
(357, 12, 8, 27, 47, 161, 30, 10, 11, 31),
(358, 10, 13, 30, 53, 164, 30, 10, 11, 31),
(359, 16, 12, 33, 61, 162, 30, 10, 11, 31),
(360, 14, 8, 31, 53, 163, 30, 10, 11, 31),
(361, 5, 8, 20, 33, 180, 30, 10, 11, 31),
(362, 17, 10, 50, 77, 181, 30, 10, 11, 31),
(363, 18, 20, 33, 71, 158, 30, 10, 11, 31),
(364, 15, 9, 30, 54, 157, 30, 10, 11, 31),
(365, 14, 5, 20, 39, 156, 30, 10, 11, 31),
(366, 14, 5, 24, 43, 182, 30, 10, 11, 31),
(367, 12, 9, 40, 61, 183, 30, 10, 11, 31),
(368, 18, 8, 33, 59, 191, 30, 10, 11, 31),
(369, 17, 13, 30, 60, 165, 30, 10, 11, 31),
(370, 18, 9, 46, 73, 185, 30, 10, 11, 31),
(371, 12, 6, 20, 38, 166, 30, 10, 11, 31),
(372, 10, 6, 20, 36, 167, 30, 10, 11, 31),
(373, 10, 10, 25, 45, 168, 30, 10, 11, 31),
(374, 16, 7, 27, 50, 169, 30, 10, 11, 31),
(375, 17, 18, 30, 65, 170, 30, 10, 11, 31),
(376, 10, 9, 26, 45, 172, 30, 10, 11, 31),
(377, 5, 6, 20, 31, 171, 30, 10, 11, 31),
(378, 5, 5, 20, 30, 173, 30, 10, 11, 31),
(379, 10, 8, 20, 38, 174, 30, 10, 11, 31),
(380, 10, 6, 20, 36, 175, 30, 10, 11, 31),
(381, 18, 8, 47, 73, 186, 30, 10, 11, 31),
(382, 10, 2, 26, 38, 184, 30, 10, 11, 31),
(383, 19, 12, 23, 54, 187, 30, 10, 11, 31),
(384, 16, 8, 30, 54, 176, 30, 10, 11, 31),
(385, 14, 3, 26, 43, 188, 30, 10, 11, 31),
(386, 10, 1, 22, 33, 189, 30, 10, 11, 31),
(387, 17, 12, 26, 55, 177, 30, 10, 11, 31),
(388, 5, 6, 20, 31, 178, 30, 10, 11, 31),
(389, 17, 12, 20, 49, 179, 30, 10, 11, 31),
(390, 20, 12, 25, 57, 190, 30, 10, 11, 31),
(391, 10, 10, 20, 40, 232, 33, 10, 11, 31),
(392, 12, 10, 28, 50, 233, 33, 10, 11, 31),
(393, 12, 5, 20, 37, 234, 33, 10, 11, 31),
(394, 16, 10, 44, 70, 244, 33, 10, 11, 31),
(395, 18, 10, 50, 78, 235, 33, 10, 11, 31),
(396, 5, 10, 28, 43, 236, 33, 10, 11, 31),
(397, 4, 5, 31, 40, 247, 33, 10, 11, 31),
(398, 16, 20, 40, 76, 237, 33, 10, 11, 31),
(399, 10, 10, 24, 44, 248, 33, 10, 11, 31),
(400, 4, 10, 30, 44, 249, 33, 10, 11, 31),
(401, 12, 10, 49, 71, 250, 33, 10, 11, 31),
(402, 16, 5, 31, 52, 238, 33, 10, 11, 31),
(403, 16, 20, 51, 87, 245, 33, 10, 11, 31),
(404, 6, 10, 20, 36, 251, 33, 10, 11, 31),
(405, 18, 10, 38, 66, 239, 33, 10, 11, 31),
(406, 18, 5, 38, 61, 240, 33, 10, 11, 31),
(407, 16, 20, 38, 74, 241, 33, 10, 11, 31),
(408, 10, 5, 30, 45, 252, 33, 10, 11, 31),
(409, 6, 10, 26, 42, 253, 33, 10, 11, 31),
(410, 12, 10, 20, 42, 242, 33, 10, 11, 31),
(411, 14, 10, 30, 54, 243, 33, 10, 11, 31),
(412, 14, 5, 28, 47, 246, 33, 10, 11, 31),
(413, 10, 10, 42, 62, 254, 33, 10, 11, 31),
(449, 18, 18, 53, 89, 280, 29, 10, 11, 25),
(450, 9, 13, 40, 62, 279, 29, 10, 11, 25),
(451, 8, 15, 20, 43, 260, 29, 10, 11, 25),
(452, 5, 2, 9, 16, 261, 29, 10, 11, 25),
(453, 17, 18, 57, 92, 285, 29, 10, 11, 25),
(454, 12, 3, 7, 22, 287, 29, 10, 11, 25),
(455, 13, 14, 47, 74, 276, 29, 10, 11, 25),
(456, 17, 17, 52, 86, 283, 29, 10, 11, 25),
(457, 13, 12, 37, 62, 284, 29, 10, 11, 25),
(458, 10, 8, 24, 42, 288, 29, 10, 11, 25),
(459, 8, 15, 52, 75, 290, 29, 10, 11, 25),
(460, 10, 11, 38, 59, 264, 29, 10, 11, 25),
(461, 12, 14, 18, 44, 265, 29, 10, 11, 25),
(462, 10, 10, 35, 55, 289, 29, 10, 11, 25),
(463, 19, 19, 56, 94, 271, 29, 10, 11, 25),
(464, 10, 20, 52, 82, 266, 29, 10, 11, 25),
(465, 10, 12, 25, 47, 273, 29, 10, 11, 25),
(466, 18, 18, 41, 77, 282, 29, 10, 11, 25),
(467, 18, 7, 36, 61, 267, 29, 10, 11, 25),
(468, 18, 18, 52, 88, 268, 29, 10, 11, 25),
(469, 10, 11, 32, 53, 269, 29, 10, 11, 25),
(470, 11, 18, 48, 77, 270, 29, 10, 11, 25),
(471, 15, 16, 45, 76, 272, 29, 10, 11, 25),
(472, 18, 16, 53, 87, 275, 29, 10, 11, 25),
(473, 6, 18, 33, 57, 286, 29, 10, 11, 25),
(474, 10, 10, 13, 33, 280, 29, 10, 11, 26),
(475, 18, 15, 32, 65, 279, 29, 10, 11, 26),
(476, 5, 5, 15, 25, 291, 29, 10, 11, 26),
(477, 5, 10, 6, 21, 262, 29, 10, 11, 26),
(478, 20, 15, 33, 68, 276, 29, 10, 11, 26),
(479, 5, 13, 6, 24, 288, 29, 10, 11, 26),
(480, 10, 10, 19, 39, 284, 29, 10, 11, 26),
(481, 20, 18, 42, 80, 283, 29, 10, 11, 26),
(482, 19, 15, 45, 79, 285, 29, 10, 11, 26),
(483, 2, 5, 6, 13, 278, 29, 10, 11, 26),
(484, 3, 10, 19, 32, 264, 29, 10, 11, 26),
(485, 15, 5, 30, 50, 289, 29, 10, 11, 26),
(486, 18, 18, 53, 89, 266, 29, 10, 11, 26),
(487, 10, 10, 19, 39, 273, 29, 10, 11, 26),
(488, 10, 18, 21, 49, 268, 29, 10, 11, 26),
(489, 9, 14, 33, 56, 269, 29, 10, 11, 26),
(490, 11, 10, 15, 36, 270, 29, 10, 11, 26),
(491, 16, 18, 53, 87, 272, 29, 10, 11, 26),
(492, 20, 15, 32, 67, 275, 29, 10, 11, 26),
(493, 5, 15, 33, 53, 286, 29, 10, 11, 26),
(494, 10, 10, 38, 58, 132, 31, 10, 11, 55),
(495, 20, 16, 58, 94, 133, 31, 10, 11, 55),
(496, 18, 17, 56, 91, 134, 31, 10, 11, 55),
(497, 9, 13, 24, 46, 136, 31, 10, 11, 55),
(498, 9, 10, 47, 66, 137, 31, 10, 11, 55),
(499, 19, 15, 55, 89, 152, 31, 10, 11, 55),
(500, 15, 11, 43, 69, 153, 31, 10, 11, 55),
(501, 18, 14, 51, 83, 154, 31, 10, 11, 55),
(502, 15, 14, 34, 63, 255, 32, 10, 11, 55),
(503, 20, 12, 43, 75, 256, 32, 10, 11, 55),
(504, 20, 11, 31, 62, 258, 32, 10, 11, 55),
(505, 10, 13, 37, 60, 259, 32, 10, 11, 55),
(506, 12, 10, 29, 51, 257, 32, 10, 11, 55),
(507, 12, 12, 48, 72, 232, 33, 10, 11, 32),
(508, 15, 13, 35, 63, 233, 33, 10, 11, 32),
(509, 15, 16, 26, 57, 234, 33, 10, 11, 32),
(510, 15, 18, 50, 83, 235, 33, 10, 11, 32),
(511, 15, 18, 48, 81, 236, 33, 10, 11, 32),
(512, 14, 16, 35, 65, 237, 33, 10, 11, 32),
(513, 15, 18, 52, 85, 245, 33, 10, 11, 32),
(514, 10, 14, 40, 64, 238, 33, 10, 11, 32),
(515, 19, 16, 58, 93, 239, 33, 10, 11, 32),
(516, 20, 18, 56, 94, 240, 33, 10, 11, 32),
(517, 20, 14, 50, 84, 241, 33, 10, 11, 32),
(518, 20, 18, 42, 80, 242, 33, 10, 11, 32),
(519, 14, 17, 53, 84, 243, 33, 10, 11, 32),
(520, 15, 14, 39, 68, 244, 33, 10, 11, 32),
(521, 14, 18, 56, 88, 247, 33, 10, 11, 32),
(522, 16, 17, 39, 72, 248, 33, 10, 11, 32),
(523, 15, 16, 55, 86, 249, 33, 10, 11, 32),
(524, 12, 17, 47, 76, 251, 33, 10, 11, 32),
(525, 18, 17, 50, 85, 252, 33, 10, 11, 32),
(526, 13, 16, 51, 80, 253, 33, 10, 11, 32),
(527, 19, 17, 51, 87, 254, 33, 10, 11, 32),
(528, 19, 18, 59, 96, 250, 33, 10, 11, 32),
(529, 12, 12, 47, 71, 246, 33, 10, 11, 32),
(530, 11, 10, 28, 49, 232, 33, 10, 11, 54),
(531, 9, 16, 31, 56, 233, 33, 10, 11, 54),
(532, 10, 13, 30, 53, 234, 33, 10, 11, 54),
(533, 20, 20, 52, 92, 235, 33, 10, 11, 54),
(534, 5, 14, 30, 49, 236, 33, 10, 11, 54),
(535, 11, 16, 42, 69, 237, 33, 10, 11, 54),
(536, 12, 20, 54, 86, 245, 33, 10, 11, 54),
(537, 11, 16, 30, 57, 238, 33, 10, 11, 54),
(538, 17, 20, 46, 83, 239, 33, 10, 11, 54),
(539, 20, 20, 50, 90, 240, 33, 10, 11, 54),
(540, 10, 18, 39, 67, 241, 33, 10, 11, 54),
(541, 8, 18, 40, 66, 242, 33, 10, 11, 54),
(542, 16, 19, 49, 84, 243, 33, 10, 11, 54),
(543, 6, 19, 44, 69, 244, 33, 10, 11, 54),
(544, 19, 15, 45, 79, 247, 33, 10, 11, 54),
(545, 10, 10, 33, 53, 248, 33, 10, 11, 54),
(546, 12, 18, 42, 72, 249, 33, 10, 11, 54),
(547, 7, 11, 23, 41, 251, 33, 10, 11, 54),
(548, 12, 16, 26, 54, 252, 33, 10, 11, 54),
(549, 12, 15, 30, 57, 253, 33, 10, 11, 54),
(550, 17, 15, 41, 73, 254, 33, 10, 11, 54),
(551, 20, 20, 47, 87, 250, 33, 10, 11, 54),
(552, 13, 20, 41, 74, 246, 33, 10, 11, 54),
(553, 11, 19, 36, 66, 255, 32, 10, 11, 54),
(554, 15, 18, 41, 74, 256, 32, 10, 11, 54),
(555, 9, 14, 34, 57, 258, 32, 10, 11, 54),
(556, 10, 15, 40, 65, 259, 32, 10, 11, 54),
(557, 9, 15, 28, 52, 257, 32, 10, 11, 54),
(558, 8, 9, 18, 35, 1, 28, 10, 11, 28),
(559, 12, 11, 30, 53, 2, 28, 10, 11, 28),
(560, 10, 11, 15, 36, 3, 28, 10, 11, 28),
(561, 11, 13, 48, 72, 4, 28, 10, 11, 28),
(562, 10, 12, 6, 28, 5, 28, 10, 11, 28),
(563, 17, 20, 51, 88, 6, 28, 10, 11, 28),
(564, 14, 12, 5, 31, 7, 28, 10, 11, 28),
(565, 10, 15, 15, 40, 8, 28, 10, 11, 28),
(566, 10, 12, 9, 31, 9, 28, 10, 11, 28),
(567, 12, 13, 33, 58, 10, 28, 10, 11, 28),
(568, 10, 12, 9, 31, 11, 28, 10, 11, 28),
(569, 11, 13, 28, 52, 13, 28, 10, 11, 28),
(570, 15, 20, 43, 78, 14, 28, 10, 11, 28),
(571, 16, 20, 44, 80, 18, 28, 10, 11, 28),
(572, 12, 16, 34, 62, 15, 28, 10, 11, 28),
(573, 10, 15, 16, 41, 16, 28, 10, 11, 28),
(574, 10, 16, 5, 31, 17, 28, 10, 11, 28),
(575, 15, 18, 38, 71, 12, 28, 10, 11, 28),
(576, 15, 19, 48, 82, 19, 28, 10, 11, 28),
(577, 16, 19, 36, 71, 20, 28, 10, 11, 28),
(578, 13, 18, 38, 69, 21, 28, 10, 11, 28),
(579, 13, 18, 45, 76, 22, 28, 10, 11, 28),
(580, 14, 18, 28, 60, 29, 28, 10, 11, 28),
(581, 14, 18, 28, 60, 23, 28, 10, 11, 28),
(582, 15, 14, 41, 70, 24, 28, 10, 11, 28),
(583, 17, 19, 40, 76, 25, 28, 10, 11, 28),
(584, 14, 15, 29, 58, 26, 28, 10, 11, 28),
(585, 13, 17, 43, 73, 27, 28, 10, 11, 28),
(586, 16, 18, 42, 76, 28, 28, 10, 11, 28),
(587, 11, 13, 19, 43, 260, 29, 10, 11, 28),
(588, 12, 14, 6, 32, 261, 29, 10, 11, 28),
(589, 16, 13, 8, 37, 262, 29, 10, 11, 28),
(590, 10, 16, 30, 56, 263, 29, 10, 11, 28),
(591, 18, 19, 39, 76, 264, 29, 10, 11, 28),
(592, 20, 19, 25, 64, 265, 29, 10, 11, 28),
(593, 14, 20, 40, 74, 266, 29, 10, 11, 28),
(594, 11, 13, 7, 31, 267, 29, 10, 11, 28),
(595, 12, 18, 51, 81, 268, 29, 10, 11, 28),
(596, 15, 20, 28, 63, 269, 29, 10, 11, 28),
(597, 20, 20, 45, 85, 270, 29, 10, 11, 28),
(598, 19, 19, 30, 68, 271, 29, 10, 11, 28),
(599, 15, 19, 29, 63, 272, 29, 10, 11, 28),
(600, 13, 16, 37, 66, 273, 29, 10, 11, 28),
(601, 12, 13, 28, 53, 274, 29, 10, 11, 28),
(602, 16, 15, 25, 56, 275, 29, 10, 11, 28),
(603, 13, 20, 39, 72, 276, 29, 10, 11, 28),
(604, 12, 15, 6, 33, 277, 29, 10, 11, 28),
(605, 11, 10, 13, 34, 278, 29, 10, 11, 28),
(606, 12, 17, 33, 62, 279, 29, 10, 11, 28),
(607, 19, 16, 33, 68, 280, 29, 10, 11, 28),
(608, 13, 19, 38, 70, 282, 29, 10, 11, 28),
(609, 10, 19, 32, 61, 283, 29, 10, 11, 28),
(610, 14, 16, 40, 70, 284, 29, 10, 11, 28),
(611, 16, 20, 32, 68, 285, 29, 10, 11, 28),
(612, 10, 16, 27, 53, 286, 29, 10, 11, 28),
(613, 10, 12, 14, 36, 288, 29, 10, 11, 28),
(614, 11, 16, 12, 39, 287, 29, 10, 11, 28),
(615, 14, 17, 43, 74, 289, 29, 10, 11, 28),
(616, 11, 15, 3, 29, 291, 29, 10, 11, 28),
(617, 12, 19, 36, 67, 290, 29, 10, 11, 28),
(618, 12, 13, 3, 28, 281, 29, 10, 11, 28),
(619, 10, 10, 30, 50, 233, 33, 10, 11, 30),
(620, 8, 10, 24, 42, 234, 33, 10, 11, 30),
(621, 15, 15, 48, 78, 235, 33, 10, 11, 30),
(622, 15, 8, 26, 49, 236, 33, 10, 11, 30),
(623, 20, 15, 55, 90, 237, 33, 10, 11, 30),
(624, 20, 15, 51, 86, 245, 33, 10, 11, 30),
(625, 15, 10, 54, 79, 239, 33, 10, 11, 30),
(626, 20, 20, 57, 97, 240, 33, 10, 11, 30),
(627, 10, 12, 18, 40, 241, 33, 10, 11, 30),
(628, 16, 10, 43, 69, 242, 33, 10, 11, 30),
(629, 12, 10, 49, 71, 243, 33, 10, 11, 30),
(630, 10, 20, 37, 67, 244, 33, 10, 11, 30),
(631, 13, 20, 27, 60, 247, 33, 10, 11, 30),
(632, 10, 10, 20, 40, 248, 33, 10, 11, 30),
(633, 17, 12, 32, 61, 249, 33, 10, 11, 30),
(634, 14, 10, 19, 43, 251, 33, 10, 11, 30),
(635, 10, 20, 15, 45, 252, 33, 10, 11, 30),
(636, 14, 20, 35, 69, 253, 33, 10, 11, 30),
(637, 15, 10, 43, 68, 254, 33, 10, 11, 30),
(638, 20, 15, 53, 88, 250, 33, 10, 11, 30),
(639, 14, 8, 30, 52, 246, 33, 10, 11, 30),
(640, 2, 12, 15, 29, 1, 28, 10, 11, 25),
(641, 12, 17, 34, 63, 2, 28, 10, 11, 25),
(642, 10, 10, 25, 45, 3, 28, 10, 11, 25),
(643, 10, 12, 29, 51, 4, 28, 10, 11, 25),
(644, 10, 8, 9, 27, 5, 28, 10, 11, 25),
(645, 14, 20, 51, 85, 6, 28, 10, 11, 25),
(646, 10, 8, 11, 29, 8, 28, 10, 11, 25),
(647, 4, 10, 7, 21, 9, 28, 10, 11, 25),
(648, 10, 14, 19, 43, 11, 28, 10, 11, 25),
(649, 10, 15, 50, 75, 13, 28, 10, 11, 25),
(650, 15, 20, 44, 79, 14, 28, 10, 11, 25),
(651, 13, 18, 36, 67, 18, 28, 10, 11, 25),
(652, 10, 16, 16, 42, 15, 28, 10, 11, 25),
(653, 10, 10, 26, 46, 16, 28, 10, 11, 25),
(654, 10, 14, 21, 45, 17, 28, 10, 11, 25),
(655, 19, 20, 32, 71, 12, 28, 10, 11, 25),
(656, 15, 20, 22, 57, 19, 28, 10, 11, 25),
(657, 15, 12, 30, 57, 20, 28, 10, 11, 25),
(658, 12, 16, 16, 44, 21, 28, 10, 11, 25),
(659, 12, 17, 25, 54, 22, 28, 10, 11, 25),
(660, 11, 16, 21, 48, 29, 28, 10, 11, 25),
(661, 16, 20, 30, 66, 23, 28, 10, 11, 25),
(662, 17, 20, 26, 63, 24, 28, 10, 11, 25),
(663, 13, 18, 16, 47, 25, 28, 10, 11, 25),
(664, 6, 20, 24, 50, 26, 28, 10, 11, 25),
(665, 10, 18, 22, 50, 27, 28, 10, 11, 25),
(666, 16, 16, 37, 69, 28, 28, 10, 11, 25),
(667, 18, 19, 38, 75, 301, 27, 10, 11, 25),
(668, 12, 5, 6, 23, 293, 27, 10, 11, 25),
(669, 1, 1, 15, 17, 7, 28, 10, 11, 25),
(670, 14, 8, 38, 60, 304, 27, 10, 11, 25),
(671, 12, 8, 18, 38, 305, 27, 10, 11, 25),
(672, 20, 18, 33, 71, 299, 27, 10, 11, 25),
(673, 20, 20, 46, 86, 298, 27, 10, 11, 25),
(674, 10, 5, 38, 53, 297, 27, 10, 11, 25),
(675, 9, 14, 56, 79, 296, 27, 10, 11, 25),
(676, 14, 13, 54, 81, 295, 27, 10, 11, 25),
(677, 20, 16, 33, 69, 311, 27, 10, 11, 25),
(678, 18, 14, 56, 88, 310, 27, 10, 11, 25),
(679, 12, 1, 28, 41, 309, 27, 10, 11, 25),
(680, 14, 12, 24, 50, 313, 27, 10, 11, 25),
(681, 16, 15, 37, 68, 303, 27, 10, 11, 25),
(682, 14, 11, 23, 48, 300, 27, 10, 11, 25),
(683, 17, 19, 57, 93, 306, 27, 10, 11, 25),
(684, 14, 8, 26, 48, 292, 27, 10, 11, 25),
(685, 10, 15, 29, 54, 312, 27, 10, 11, 25),
(686, 16, 2, 32, 50, 302, 27, 10, 11, 25),
(687, 11, 14, 46, 71, 323, 27, 10, 11, 25),
(688, 2, 2, 15, 19, 325, 27, 10, 11, 25),
(689, 3, 5, 27, 35, 319, 27, 10, 11, 25),
(690, 14, 10, 26, 50, 320, 27, 10, 11, 25),
(691, 16, 13, 47, 76, 322, 27, 10, 11, 25),
(692, 12, 13, 30, 55, 324, 27, 10, 11, 25),
(693, 4, 5, 17, 26, 314, 27, 10, 11, 25),
(694, 19, 18, 56, 93, 317, 27, 10, 11, 25),
(695, 10, 6, 16, 32, 326, 27, 10, 11, 25),
(696, 12, 8, 12, 32, 327, 27, 10, 11, 25),
(697, 14, 19, 31, 64, 321, 27, 10, 11, 25),
(698, 2, 2, 9, 13, 318, 27, 10, 11, 25),
(699, 15, 12, 56, 83, 315, 27, 10, 11, 25),
(700, 10, 10, 37, 57, 301, 27, 10, 11, 26),
(701, 1, 12, 8, 21, 293, 27, 10, 11, 26),
(702, 14, 20, 31, 65, 304, 27, 10, 11, 26),
(703, 5, 10, 12, 27, 305, 27, 10, 11, 26),
(704, 19, 15, 29, 63, 299, 27, 10, 11, 26),
(705, 10, 15, 33, 58, 298, 27, 10, 11, 26),
(706, 5, 10, 16, 31, 297, 27, 10, 11, 26),
(707, 20, 15, 14, 49, 296, 27, 10, 11, 26),
(708, 10, 12, 47, 69, 295, 27, 10, 11, 26),
(709, 20, 10, 35, 65, 311, 27, 10, 11, 26),
(710, 8, 10, 18, 36, 310, 27, 10, 11, 26),
(711, 20, 12, 20, 52, 313, 27, 10, 11, 26),
(712, 7, 18, 19, 44, 303, 27, 10, 11, 26),
(713, 10, 10, 17, 37, 300, 27, 10, 11, 26),
(714, 10, 20, 37, 67, 306, 27, 10, 11, 26),
(715, 10, 8, 30, 48, 292, 27, 10, 11, 26),
(716, 9, 10, 37, 56, 312, 27, 10, 11, 26),
(717, 2, 10, 7, 19, 294, 27, 10, 11, 26),
(718, 20, 15, 38, 73, 302, 27, 10, 11, 26),
(719, 10, 10, 23, 43, 323, 27, 10, 11, 26),
(720, 2, 10, 8, 20, 325, 27, 10, 11, 26),
(721, 14, 10, 12, 36, 319, 27, 10, 11, 26),
(722, 2, 10, 18, 30, 320, 27, 10, 11, 26),
(723, 20, 15, 27, 62, 322, 27, 10, 11, 26),
(724, 20, 5, 18, 43, 324, 27, 10, 11, 26),
(725, 2, 5, 5, 12, 314, 27, 10, 11, 26),
(726, 18, 10, 33, 61, 317, 27, 10, 11, 26),
(727, 8, 10, 22, 40, 326, 27, 10, 11, 26),
(728, 3, 10, 24, 37, 327, 27, 10, 11, 26),
(729, 8, 15, 23, 46, 321, 27, 10, 11, 26),
(730, 10, 12, 18, 40, 318, 27, 10, 11, 26),
(731, 15, 12, 25, 52, 315, 27, 10, 11, 26),
(732, 18, 12, 41, 71, 301, 27, 10, 11, 28),
(733, 10, 18, 10, 38, 293, 27, 10, 11, 28),
(734, 11, 16, 26, 53, 304, 27, 10, 11, 28),
(735, 12, 13, 8, 33, 305, 27, 10, 11, 28),
(736, 14, 17, 49, 80, 299, 27, 10, 11, 28),
(737, 16, 19, 35, 70, 298, 27, 10, 11, 28),
(738, 12, 18, 22, 52, 297, 27, 10, 11, 28),
(739, 14, 18, 23, 55, 296, 27, 10, 11, 28),
(740, 13, 20, 43, 76, 295, 27, 10, 11, 28),
(741, 11, 19, 40, 70, 311, 27, 10, 11, 28),
(742, 12, 18, 42, 72, 310, 27, 10, 11, 28),
(743, 12, 17, 21, 50, 309, 27, 10, 11, 28),
(744, 15, 17, 23, 55, 313, 27, 10, 11, 28),
(745, 16, 18, 39, 73, 303, 27, 10, 11, 28),
(746, 12, 17, 27, 56, 300, 27, 10, 11, 28),
(747, 13, 19, 42, 74, 306, 27, 10, 11, 28),
(748, 17, 18, 12, 47, 292, 27, 10, 11, 28),
(749, 10, 16, 36, 62, 312, 27, 10, 11, 28),
(750, 11, 15, 24, 50, 294, 27, 10, 11, 28),
(751, 15, 17, 31, 63, 302, 27, 10, 11, 28),
(752, 13, 16, 30, 59, 323, 27, 10, 11, 28),
(753, 14, 15, 13, 42, 325, 27, 10, 11, 28),
(754, 13, 18, 27, 58, 319, 27, 10, 11, 28),
(755, 14, 17, 30, 61, 320, 27, 10, 11, 28),
(756, 13, 20, 43, 76, 322, 27, 10, 11, 28),
(757, 11, 20, 33, 64, 324, 27, 10, 11, 28),
(758, 12, 18, 16, 46, 314, 27, 10, 11, 28),
(759, 19, 20, 42, 81, 317, 27, 10, 11, 28),
(760, 13, 15, 17, 45, 326, 27, 10, 11, 28),
(761, 13, 17, 20, 50, 327, 27, 10, 11, 28),
(762, 15, 20, 33, 68, 321, 27, 10, 11, 28),
(763, 12, 17, 21, 50, 318, 27, 10, 11, 28),
(764, 16, 19, 41, 76, 315, 27, 10, 11, 28),
(765, 5, 12, 20, 37, 260, 29, 10, 11, 50),
(766, 5, 8, 14, 27, 261, 29, 10, 11, 50),
(767, 8, 13, 24, 45, 262, 29, 10, 11, 50),
(768, 12, 14, 35, 61, 263, 29, 10, 11, 50),
(769, 12, 15, 26, 53, 264, 29, 10, 11, 50),
(770, 17, 18, 51, 86, 265, 29, 10, 11, 50),
(771, 15, 17, 48, 80, 266, 29, 10, 11, 50),
(772, 10, 9, 48, 67, 267, 29, 10, 11, 50),
(773, 20, 20, 37, 77, 268, 29, 10, 11, 50),
(774, 9, 14, 26, 49, 269, 29, 10, 11, 50),
(775, 11, 16, 50, 77, 270, 29, 10, 11, 50),
(776, 18, 20, 54, 92, 271, 29, 10, 11, 50),
(777, 12, 18, 54, 84, 272, 29, 10, 11, 50),
(778, 17, 18, 56, 91, 273, 29, 10, 11, 50),
(779, 8, 12, 26, 46, 274, 29, 10, 11, 50),
(780, 5, 14, 48, 67, 275, 29, 10, 11, 50),
(781, 15, 18, 50, 83, 276, 29, 10, 11, 50),
(782, 8, 13, 24, 45, 277, 29, 10, 11, 50),
(783, 8, 12, 10, 30, 278, 29, 10, 11, 50),
(784, 13, 17, 34, 64, 279, 29, 10, 11, 50),
(785, 14, 16, 49, 79, 280, 29, 10, 11, 50),
(786, 12, 10, 44, 66, 282, 29, 10, 11, 50),
(787, 20, 20, 58, 98, 283, 29, 10, 11, 50),
(788, 14, 17, 50, 81, 284, 29, 10, 11, 50),
(789, 18, 20, 57, 95, 285, 29, 10, 11, 50),
(790, 6, 15, 42, 63, 286, 29, 10, 11, 50),
(791, 8, 13, 22, 43, 288, 29, 10, 11, 50),
(792, 5, 10, 23, 38, 287, 29, 10, 11, 50),
(793, 12, 18, 36, 66, 289, 29, 10, 11, 50),
(794, 12, 17, 49, 78, 290, 29, 10, 11, 50),
(795, 5, 12, 18, 35, 291, 29, 10, 11, 50),
(796, 13, 16, 32, 61, 233, 33, 10, 11, 58),
(797, 4, 5, 23, 32, 234, 33, 10, 11, 58),
(798, 14, 18, 44, 76, 235, 33, 10, 11, 58),
(799, 11, 10, 26, 47, 236, 33, 10, 11, 58),
(800, 18, 18, 36, 72, 237, 33, 10, 11, 58),
(801, 15, 17, 50, 82, 245, 33, 10, 11, 58),
(802, 11, 15, 44, 70, 238, 33, 10, 11, 58),
(803, 17, 20, 51, 88, 239, 33, 10, 11, 58),
(804, 16, 17, 55, 88, 240, 33, 10, 11, 58),
(805, 16, 17, 44, 77, 241, 33, 10, 11, 58),
(806, 16, 16, 42, 74, 242, 33, 10, 11, 58),
(807, 12, 18, 49, 79, 243, 33, 10, 11, 58),
(808, 15, 18, 51, 84, 244, 33, 10, 11, 58),
(809, 10, 19, 45, 74, 247, 33, 10, 11, 58),
(810, 10, 10, 24, 44, 248, 33, 10, 11, 58),
(811, 10, 10, 48, 68, 249, 33, 10, 11, 58),
(812, 10, 10, 19, 39, 251, 33, 10, 11, 58),
(813, 9, 9, 41, 59, 252, 33, 10, 11, 58),
(814, 12, 12, 24, 48, 253, 33, 10, 11, 58),
(815, 16, 19, 43, 78, 254, 33, 10, 11, 58),
(816, 18, 18, 54, 90, 250, 33, 10, 11, 58),
(817, 16, 16, 33, 65, 246, 33, 10, 11, 58),
(818, 15, 18, 51, 84, 255, 32, 10, 11, 58),
(819, 14, 18, 42, 74, 256, 32, 10, 11, 58),
(820, 13, 13, 43, 69, 259, 32, 10, 11, 58),
(821, 12, 16, 40, 68, 258, 32, 10, 11, 58),
(822, 11, 12, 24, 47, 257, 32, 10, 11, 58),
(823, 19, 18, 48, 85, 155, 30, 10, 11, 58),
(824, 16, 14, 29, 59, 156, 30, 10, 11, 58),
(825, 16, 16, 30, 62, 157, 30, 10, 11, 58),
(826, 18, 20, 37, 75, 158, 30, 10, 11, 58),
(827, 19, 11, 46, 76, 159, 30, 10, 11, 58),
(828, 18, 14, 42, 74, 160, 30, 10, 11, 58),
(829, 17, 19, 54, 90, 161, 30, 10, 11, 58),
(830, 12, 14, 28, 54, 162, 30, 10, 11, 58),
(831, 13, 11, 27, 51, 163, 30, 10, 11, 58),
(832, 18, 15, 52, 85, 164, 30, 10, 11, 58),
(833, 13, 13, 42, 68, 165, 30, 10, 11, 58),
(834, 9, 13, 8, 30, 166, 30, 10, 11, 58),
(835, 8, 14, 25, 47, 167, 30, 10, 11, 58),
(836, 17, 18, 40, 75, 168, 30, 10, 11, 58),
(837, 14, 14, 55, 83, 169, 30, 10, 11, 58),
(838, 13, 17, 40, 70, 170, 30, 10, 11, 58),
(839, 18, 13, 10, 41, 171, 30, 10, 11, 58),
(840, 17, 17, 37, 71, 172, 30, 10, 11, 58),
(841, 11, 5, 31, 47, 173, 30, 10, 11, 58),
(842, 14, 18, 54, 86, 174, 30, 10, 11, 58),
(843, 7, 13, 24, 44, 175, 30, 10, 11, 58),
(844, 15, 13, 39, 67, 176, 30, 10, 11, 58),
(845, 14, 12, 32, 58, 177, 30, 10, 11, 58),
(846, 13, 7, 12, 32, 178, 30, 10, 11, 58),
(847, 13, 14, 18, 45, 179, 30, 10, 11, 58),
(848, 8, 14, 22, 44, 180, 30, 10, 11, 58),
(849, 14, 7, 55, 76, 181, 30, 10, 11, 58),
(850, 17, 10, 18, 45, 182, 30, 10, 11, 58),
(851, 19, 5, 29, 53, 183, 30, 10, 11, 58),
(852, 17, 14, 27, 58, 184, 30, 10, 11, 58),
(853, 15, 17, 42, 74, 185, 30, 10, 11, 58),
(854, 20, 19, 58, 97, 186, 30, 10, 11, 58),
(855, 16, 11, 22, 49, 187, 30, 10, 11, 58),
(856, 18, 11, 35, 64, 188, 30, 10, 11, 58),
(857, 13, 13, 30, 56, 189, 30, 10, 11, 58),
(858, 19, 12, 31, 62, 190, 30, 10, 11, 58),
(859, 15, 9, 12, 36, 191, 30, 10, 11, 58),
(892, 13, 11, 39, 63, 132, 31, 10, 11, 58),
(893, 16, 17, 49, 82, 133, 31, 10, 11, 58),
(894, 14, 15, 34, 63, 134, 31, 10, 11, 58),
(895, 15, 19, 46, 80, 135, 31, 10, 11, 58),
(896, 10, 10, 12, 32, 136, 31, 10, 11, 58),
(897, 16, 8, 28, 52, 137, 31, 10, 11, 58),
(898, 10, 17, 36, 63, 152, 31, 10, 11, 58),
(899, 9, 14, 14, 37, 153, 31, 10, 11, 58),
(900, 5, 12, 34, 51, 154, 31, 10, 11, 58),
(901, 18, 15, 24, 57, 260, 29, 10, 11, 49),
(902, 8, 20, 25, 53, 261, 29, 10, 11, 49),
(903, 8, 15, 14, 37, 262, 29, 10, 11, 49),
(904, 8, 20, 38, 66, 263, 29, 10, 11, 49),
(905, 8, 20, 32, 60, 264, 29, 10, 11, 49),
(906, 8, 15, 48, 71, 265, 29, 10, 11, 49),
(907, 13, 20, 48, 81, 266, 29, 10, 11, 49),
(908, 8, 15, 41, 64, 267, 29, 10, 11, 49),
(909, 8, 15, 44, 67, 268, 29, 10, 11, 49),
(910, 12, 15, 29, 56, 269, 29, 10, 11, 49),
(911, 8, 13, 44, 65, 270, 29, 10, 11, 49),
(912, 10, 20, 52, 82, 271, 29, 10, 11, 49),
(913, 8, 20, 50, 78, 272, 29, 10, 11, 49),
(914, 10, 15, 25, 50, 273, 29, 10, 11, 49),
(915, 8, 10, 30, 48, 274, 29, 10, 11, 49),
(916, 8, 20, 43, 71, 275, 29, 10, 11, 49),
(917, 8, 20, 31, 59, 276, 29, 10, 11, 49),
(918, 8, 20, 17, 45, 277, 29, 10, 11, 49),
(919, 8, 15, 15, 38, 278, 29, 10, 11, 49),
(920, 8, 15, 37, 60, 279, 29, 10, 11, 49),
(921, 15, 15, 42, 72, 280, 29, 10, 11, 49),
(922, 8, 15, 40, 63, 282, 29, 10, 11, 49),
(923, 20, 20, 53, 93, 283, 29, 10, 11, 49),
(924, 8, 20, 36, 64, 284, 29, 10, 11, 49),
(925, 20, 20, 53, 93, 285, 29, 10, 11, 49),
(926, 8, 15, 29, 52, 286, 29, 10, 11, 49),
(927, 8, 15, 24, 47, 288, 29, 10, 11, 49),
(928, 8, 15, 24, 47, 287, 29, 10, 11, 49),
(929, 8, 15, 27, 50, 289, 29, 10, 11, 49),
(930, 8, 15, 33, 56, 290, 29, 10, 11, 49),
(931, 8, 20, 13, 41, 291, 29, 10, 11, 49),
(932, 8, 15, 18, 41, 281, 29, 10, 11, 49),
(933, 8, 15, 32, 55, 69, 25, 10, 11, 49),
(934, 20, 15, 42, 77, 70, 25, 10, 11, 49),
(935, 20, 20, 50, 90, 71, 25, 10, 11, 49),
(936, 15, 15, 35, 65, 72, 25, 10, 11, 49),
(937, 20, 20, 28, 68, 74, 25, 10, 11, 49),
(938, 10, 15, 23, 48, 75, 25, 10, 11, 49),
(939, 10, 15, 23, 48, 76, 25, 10, 11, 49),
(940, 15, 15, 18, 48, 77, 25, 10, 11, 49),
(941, 20, 20, 48, 88, 78, 25, 10, 11, 49),
(942, 18, 15, 17, 50, 79, 25, 10, 11, 49),
(943, 17, 20, 44, 81, 80, 25, 10, 11, 49),
(944, 20, 15, 32, 67, 81, 25, 10, 11, 49),
(945, 19, 15, 52, 86, 82, 25, 10, 11, 49),
(946, 20, 15, 24, 59, 83, 25, 10, 11, 49),
(947, 20, 20, 52, 92, 84, 25, 10, 11, 49),
(948, 8, 15, 34, 57, 85, 25, 10, 11, 49),
(949, 15, 15, 22, 52, 86, 25, 10, 11, 49),
(950, 20, 15, 28, 63, 87, 25, 10, 11, 49),
(951, 20, 15, 42, 77, 88, 25, 10, 11, 49),
(952, 14, 15, 41, 70, 89, 25, 10, 11, 49),
(953, 15, 15, 35, 65, 90, 25, 10, 11, 49),
(954, 17, 15, 37, 69, 91, 25, 10, 11, 49),
(955, 18, 15, 31, 64, 92, 25, 10, 11, 49),
(956, 20, 15, 52, 87, 94, 25, 10, 11, 49),
(957, 12, 15, 51, 78, 95, 25, 10, 11, 49),
(958, 20, 20, 58, 98, 96, 25, 10, 11, 49),
(959, 12, 15, 28, 55, 97, 25, 10, 11, 49),
(960, 12, 15, 28, 55, 98, 25, 10, 11, 49),
(961, 15, 15, 53, 83, 99, 25, 10, 11, 49),
(962, 8, 15, 29, 52, 100, 25, 10, 11, 49),
(963, 12, 15, 50, 77, 101, 25, 10, 11, 49),
(964, 10, 15, 40, 65, 102, 25, 10, 11, 49),
(965, 20, 15, 43, 78, 103, 25, 10, 11, 49),
(966, 12, 15, 33, 60, 104, 25, 10, 11, 49),
(967, 20, 20, 50, 90, 106, 25, 10, 11, 49),
(968, 12, 15, 30, 57, 107, 25, 10, 11, 49),
(969, 12, 15, 26, 53, 108, 25, 10, 11, 49),
(970, 8, 15, 29, 52, 109, 25, 10, 11, 49),
(971, 17, 15, 45, 77, 93, 25, 10, 11, 49),
(972, 20, 15, 47, 82, 192, 24, 10, 11, 49),
(973, 8, 15, 13, 36, 193, 24, 10, 11, 49),
(974, 17, 15, 30, 62, 194, 24, 10, 11, 49),
(975, 8, 10, 20, 38, 195, 24, 10, 11, 49),
(976, 8, 15, 18, 41, 196, 24, 10, 11, 49),
(977, 12, 20, 56, 88, 197, 24, 10, 11, 49),
(978, 8, 15, 28, 51, 198, 24, 10, 11, 49),
(979, 12, 20, 26, 58, 199, 24, 10, 11, 49),
(980, 8, 10, 13, 31, 200, 24, 10, 11, 49),
(981, 8, 15, 24, 47, 201, 24, 10, 11, 49),
(982, 15, 15, 59, 89, 202, 24, 10, 11, 49),
(983, 8, 15, 24, 47, 203, 24, 10, 11, 49),
(984, 10, 15, 31, 56, 204, 24, 10, 11, 49),
(985, 10, 15, 20, 45, 205, 24, 10, 11, 49),
(986, 18, 15, 49, 82, 206, 24, 10, 11, 49),
(987, 10, 15, 51, 76, 207, 24, 10, 11, 49),
(988, 10, 15, 25, 50, 209, 24, 10, 11, 49),
(989, 17, 15, 50, 82, 210, 24, 10, 11, 49),
(990, 10, 20, 48, 78, 211, 24, 10, 11, 49),
(991, 8, 15, 32, 55, 212, 24, 10, 11, 49),
(992, 8, 15, 20, 43, 213, 24, 10, 11, 49),
(993, 8, 15, 23, 46, 214, 24, 10, 11, 49),
(994, 10, 15, 24, 49, 215, 24, 10, 11, 49),
(995, 18, 15, 43, 76, 216, 24, 10, 11, 49),
(996, 18, 15, 41, 74, 217, 24, 10, 11, 49),
(997, 18, 20, 43, 81, 218, 24, 10, 11, 49),
(998, 18, 20, 55, 93, 219, 24, 10, 11, 49),
(999, 12, 15, 40, 67, 220, 24, 10, 11, 49),
(1000, 12, 15, 26, 53, 221, 24, 10, 11, 49),
(1001, 20, 15, 49, 84, 222, 24, 10, 11, 49),
(1002, 20, 15, 32, 67, 223, 24, 10, 11, 49),
(1003, 15, 15, 31, 61, 224, 24, 10, 11, 49),
(1004, 12, 15, 38, 65, 225, 24, 10, 11, 49),
(1005, 20, 20, 50, 90, 226, 24, 10, 11, 49),
(1006, 20, 15, 57, 92, 227, 24, 10, 11, 49),
(1007, 15, 15, 37, 67, 228, 24, 10, 11, 49),
(1008, 8, 15, 19, 42, 229, 24, 10, 11, 49),
(1009, 12, 18, 17, 47, 230, 24, 10, 11, 49),
(1010, 19, 15, 52, 86, 30, 26, 10, 11, 49),
(1011, 20, 20, 54, 94, 31, 26, 10, 11, 49),
(1012, 8, 15, 28, 51, 32, 26, 10, 11, 49),
(1013, 15, 15, 55, 85, 33, 26, 10, 11, 49),
(1014, 8, 20, 55, 83, 34, 26, 10, 11, 49),
(1015, 20, 20, 55, 95, 35, 26, 10, 11, 49),
(1016, 17, 15, 53, 85, 36, 26, 10, 11, 49),
(1017, 8, 15, 17, 40, 37, 26, 10, 11, 49),
(1018, 20, 20, 54, 94, 38, 26, 10, 11, 49),
(1019, 15, 15, 43, 73, 39, 26, 10, 11, 49),
(1020, 18, 15, 42, 75, 40, 26, 10, 11, 49),
(1021, 8, 15, 28, 51, 42, 26, 10, 11, 49),
(1022, 8, 15, 22, 45, 43, 26, 10, 11, 49),
(1023, 8, 15, 21, 44, 45, 26, 10, 11, 49),
(1024, 12, 15, 14, 41, 46, 26, 10, 11, 49),
(1025, 8, 15, 27, 50, 47, 26, 10, 11, 49),
(1026, 18, 20, 37, 75, 48, 26, 10, 11, 49),
(1027, 8, 15, 22, 45, 50, 26, 10, 11, 49),
(1028, 5, 15, 32, 52, 51, 26, 10, 11, 49),
(1029, 5, 15, 20, 40, 52, 26, 10, 11, 49),
(1030, 15, 20, 41, 76, 53, 26, 10, 11, 49),
(1031, 5, 20, 44, 69, 54, 26, 10, 11, 49),
(1032, 5, 15, 23, 43, 55, 26, 10, 11, 49),
(1033, 18, 15, 39, 72, 56, 26, 10, 11, 49),
(1034, 5, 15, 38, 58, 57, 26, 10, 11, 49),
(1035, 8, 15, 23, 46, 58, 26, 10, 11, 49),
(1036, 8, 15, 45, 68, 59, 26, 10, 11, 49),
(1037, 18, 20, 50, 88, 60, 26, 10, 11, 49),
(1038, 18, 15, 55, 88, 61, 26, 10, 11, 49),
(1039, 20, 15, 35, 70, 62, 26, 10, 11, 49),
(1040, 20, 20, 54, 94, 63, 26, 10, 11, 49),
(1041, 18, 15, 46, 79, 64, 26, 10, 11, 49),
(1042, 8, 15, 27, 50, 65, 26, 10, 11, 49),
(1043, 20, 15, 38, 73, 66, 26, 10, 11, 49),
(1044, 8, 15, 48, 71, 67, 26, 10, 11, 49),
(1045, 8, 10, 20, 38, 68, 26, 10, 11, 49),
(1046, 15, 15, 34, 64, 44, 26, 10, 11, 49),
(1047, 8, 20, 36, 64, 301, 27, 10, 11, 49),
(1048, 10, 15, 29, 54, 293, 27, 10, 11, 49),
(1049, 8, 15, 17, 40, 304, 27, 10, 11, 49),
(1050, 15, 15, 26, 56, 305, 27, 10, 11, 49),
(1051, 15, 20, 33, 68, 299, 27, 10, 11, 49),
(1052, 11, 20, 46, 77, 298, 27, 10, 11, 49),
(1053, 8, 15, 35, 58, 297, 27, 10, 11, 49),
(1054, 8, 20, 39, 67, 296, 27, 10, 11, 49),
(1055, 10, 15, 34, 59, 295, 27, 10, 11, 49),
(1056, 15, 15, 30, 60, 311, 27, 10, 11, 49),
(1057, 15, 15, 43, 73, 310, 27, 10, 11, 49),
(1058, 8, 10, 23, 41, 309, 27, 10, 11, 49),
(1059, 8, 15, 18, 41, 313, 27, 10, 11, 49),
(1060, 8, 15, 17, 40, 303, 27, 10, 11, 49),
(1061, 8, 15, 21, 44, 300, 27, 10, 11, 49),
(1062, 8, 20, 49, 77, 306, 27, 10, 11, 49),
(1063, 8, 15, 34, 57, 292, 27, 10, 11, 49),
(1064, 8, 20, 32, 60, 312, 27, 10, 11, 49),
(1065, 18, 15, 26, 59, 294, 27, 10, 11, 49),
(1066, 5, 20, 25, 50, 302, 27, 10, 11, 49),
(1067, 12, 15, 22, 49, 323, 27, 10, 11, 49),
(1068, 10, 15, 19, 44, 325, 27, 10, 11, 49),
(1069, 10, 15, 20, 45, 319, 27, 10, 11, 49),
(1070, 10, 15, 24, 49, 320, 27, 10, 11, 49),
(1071, 10, 15, 38, 63, 322, 27, 10, 11, 49),
(1072, 18, 20, 22, 60, 324, 27, 10, 11, 49),
(1073, 8, 15, 13, 36, 314, 27, 10, 11, 49),
(1074, 15, 20, 55, 90, 317, 27, 10, 11, 49),
(1075, 10, 15, 10, 35, 326, 27, 10, 11, 49),
(1076, 8, 10, 14, 32, 327, 27, 10, 11, 49),
(1077, 15, 15, 16, 46, 321, 27, 10, 11, 49),
(1078, 10, 15, 17, 42, 318, 27, 10, 11, 49),
(1079, 10, 20, 22, 52, 315, 27, 10, 11, 49),
(1080, 8, 20, 34, 62, 1, 28, 10, 11, 49),
(1081, 15, 20, 48, 83, 2, 28, 10, 11, 49),
(1082, 5, 15, 27, 47, 3, 28, 10, 11, 49),
(1083, 8, 15, 18, 41, 5, 28, 10, 11, 49),
(1084, 12, 20, 57, 89, 6, 28, 10, 11, 49),
(1085, 8, 15, 18, 41, 7, 28, 10, 11, 49),
(1086, 8, 15, 10, 33, 8, 28, 10, 11, 49),
(1087, 8, 15, 13, 36, 9, 28, 10, 11, 49),
(1088, 8, 15, 24, 47, 10, 28, 10, 11, 49),
(1089, 8, 15, 21, 44, 11, 28, 10, 11, 49),
(1090, 8, 20, 24, 52, 13, 28, 10, 11, 49),
(1091, 15, 20, 58, 93, 14, 28, 10, 11, 49),
(1092, 15, 20, 55, 90, 18, 28, 10, 11, 49),
(1093, 8, 20, 25, 53, 15, 28, 10, 11, 49),
(1094, 5, 15, 20, 40, 16, 28, 10, 11, 49),
(1095, 5, 15, 18, 38, 17, 28, 10, 11, 49),
(1096, 15, 15, 50, 80, 12, 28, 10, 11, 49),
(1097, 10, 15, 36, 61, 19, 28, 10, 11, 49),
(1098, 8, 10, 31, 49, 20, 28, 10, 11, 49),
(1099, 5, 15, 38, 58, 21, 28, 10, 11, 49),
(1100, 15, 10, 40, 65, 22, 28, 10, 11, 49),
(1101, 8, 10, 27, 45, 29, 28, 10, 11, 49),
(1102, 18, 10, 32, 60, 23, 28, 10, 11, 49),
(1103, 18, 10, 37, 65, 24, 28, 10, 11, 49),
(1104, 17, 10, 36, 63, 25, 28, 10, 11, 49),
(1105, 17, 10, 32, 59, 26, 28, 10, 11, 49),
(1106, 8, 10, 18, 36, 27, 28, 10, 11, 49),
(1107, 8, 16, 52, 76, 155, 30, 10, 11, 54),
(1108, 2, 18, 44, 64, 156, 30, 10, 11, 54),
(1109, 2, 18, 44, 64, 157, 30, 10, 11, 54),
(1110, 6, 20, 43, 69, 158, 30, 10, 11, 54),
(1111, 5, 19, 48, 72, 159, 30, 10, 11, 54),
(1112, 2, 20, 43, 65, 160, 30, 10, 11, 54),
(1113, 5, 18, 54, 77, 161, 30, 10, 11, 54),
(1114, 4, 19, 40, 63, 162, 30, 10, 11, 54),
(1115, 3, 17, 40, 60, 163, 30, 10, 11, 54),
(1116, 5, 14, 32, 51, 164, 30, 10, 11, 54),
(1117, 5, 14, 43, 62, 165, 30, 10, 11, 54),
(1118, 8, 18, 25, 51, 166, 30, 10, 11, 54),
(1119, 4, 20, 21, 45, 167, 30, 10, 11, 54),
(1120, 10, 20, 44, 74, 168, 30, 10, 11, 54),
(1121, 7, 19, 50, 76, 169, 30, 10, 11, 54),
(1122, 3, 20, 37, 60, 170, 30, 10, 11, 54),
(1123, 2, 12, 43, 57, 171, 30, 10, 11, 54),
(1124, 2, 18, 50, 70, 172, 30, 10, 11, 54),
(1125, 10, 5, 25, 40, 173, 30, 10, 11, 54),
(1126, 2, 18, 54, 74, 174, 30, 10, 11, 54),
(1127, 4, 8, 20, 32, 175, 30, 10, 11, 54),
(1128, 6, 14, 48, 68, 176, 30, 10, 11, 54),
(1129, 5, 17, 38, 60, 177, 30, 10, 11, 54),
(1130, 8, 12, 20, 40, 178, 30, 10, 11, 54),
(1131, 2, 19, 21, 42, 179, 30, 10, 11, 54),
(1132, 5, 12, 43, 60, 180, 30, 10, 11, 54),
(1133, 8, 17, 52, 77, 181, 30, 10, 11, 54),
(1134, 5, 15, 37, 57, 182, 30, 10, 11, 54),
(1135, 5, 18, 44, 67, 183, 30, 10, 11, 54),
(1136, 4, 11, 42, 57, 184, 30, 10, 11, 54),
(1137, 8, 17, 57, 82, 185, 30, 10, 11, 54),
(1138, 19, 18, 57, 94, 186, 30, 10, 11, 54),
(1139, 7, 19, 43, 69, 187, 30, 10, 11, 54),
(1140, 6, 17, 30, 53, 188, 30, 10, 11, 54),
(1141, 5, 12, 30, 47, 189, 30, 10, 11, 54),
(1142, 2, 16, 46, 64, 190, 30, 10, 11, 54),
(1143, 3, 14, 37, 54, 191, 30, 10, 11, 54),
(1144, 19, 19, 39, 77, 30, 26, 10, 11, 52),
(1145, 17, 18, 41, 76, 31, 26, 10, 11, 52),
(1146, 8, 15, 20, 43, 32, 26, 10, 11, 52),
(1147, 19, 17, 55, 91, 33, 26, 10, 11, 52),
(1148, 14, 5, 36, 55, 34, 26, 10, 11, 52),
(1149, 14, 17, 37, 68, 35, 26, 10, 11, 52),
(1150, 18, 15, 42, 75, 36, 26, 10, 11, 52),
(1151, 2, 13, 9, 24, 37, 26, 10, 11, 52),
(1152, 19, 15, 42, 76, 38, 26, 10, 11, 52),
(1153, 18, 5, 31, 54, 39, 26, 10, 11, 52),
(1154, 16, 13, 54, 83, 40, 26, 10, 11, 52),
(1155, 16, 15, 22, 53, 42, 26, 10, 11, 52),
(1156, 12, 13, 27, 52, 43, 26, 10, 11, 52),
(1157, 4, 12, 20, 36, 45, 26, 10, 11, 52),
(1158, 2, 13, 10, 25, 46, 26, 10, 11, 52),
(1159, 4, 12, 6, 22, 47, 26, 10, 11, 52),
(1160, 10, 13, 36, 59, 48, 26, 10, 11, 52),
(1161, 2, 15, 9, 26, 50, 26, 10, 11, 52),
(1162, 8, 15, 29, 52, 51, 26, 10, 11, 52),
(1163, 12, 19, 25, 56, 52, 26, 10, 11, 52),
(1164, 17, 18, 44, 79, 53, 26, 10, 11, 52),
(1165, 16, 14, 42, 72, 54, 26, 10, 11, 52),
(1166, 10, 5, 24, 39, 55, 26, 10, 11, 52),
(1167, 9, 15, 31, 55, 56, 26, 10, 11, 52),
(1168, 10, 13, 23, 46, 57, 26, 10, 11, 52),
(1169, 10, 16, 16, 42, 58, 26, 10, 11, 52),
(1170, 15, 14, 32, 61, 59, 26, 10, 11, 52),
(1171, 15, 15, 37, 67, 60, 26, 10, 11, 52),
(1172, 6, 13, 30, 49, 61, 26, 10, 11, 52),
(1173, 10, 18, 30, 58, 62, 26, 10, 11, 52),
(1174, 16, 15, 33, 64, 63, 26, 10, 11, 52),
(1175, 11, 12, 38, 61, 64, 26, 10, 11, 52),
(1176, 10, 13, 40, 63, 65, 26, 10, 11, 52),
(1177, 12, 13, 26, 51, 66, 26, 10, 11, 52),
(1178, 12, 10, 33, 55, 67, 26, 10, 11, 52),
(1179, 5, 5, 8, 18, 68, 26, 10, 11, 52),
(1180, 15, 15, 35, 65, 44, 26, 10, 11, 52),
(1181, 11, 10, 25, 46, 260, 29, 10, 11, 27),
(1182, 1, 7, 12, 20, 261, 29, 10, 11, 27),
(1183, 4, 10, 17, 31, 262, 29, 10, 11, 27),
(1184, 4, 12, 32, 48, 263, 29, 10, 11, 27),
(1185, 6, 16, 28, 50, 264, 29, 10, 11, 27),
(1186, 13, 20, 49, 82, 265, 29, 10, 11, 27),
(1187, 11, 16, 43, 70, 266, 29, 10, 11, 27),
(1188, 3, 10, 26, 39, 267, 29, 10, 11, 27),
(1189, 14, 17, 49, 80, 268, 29, 10, 11, 27),
(1190, 6, 13, 32, 51, 269, 29, 10, 11, 27),
(1191, 9, 17, 36, 62, 270, 29, 10, 11, 27),
(1192, 10, 20, 47, 77, 271, 29, 10, 11, 27),
(1193, 10, 13, 44, 67, 272, 29, 10, 11, 27),
(1194, 6, 17, 27, 50, 273, 29, 10, 11, 27),
(1195, 6, 5, 30, 41, 274, 29, 10, 11, 27),
(1196, 6, 10, 39, 55, 275, 29, 10, 11, 27),
(1197, 11, 16, 36, 63, 276, 29, 10, 11, 27),
(1198, 6, 14, 15, 35, 277, 29, 10, 11, 27),
(1199, 3, 5, 13, 21, 278, 29, 10, 11, 27),
(1200, 12, 10, 38, 60, 279, 29, 10, 11, 27),
(1201, 15, 10, 42, 67, 280, 29, 10, 11, 27),
(1202, 9, 15, 34, 58, 282, 29, 10, 11, 27),
(1203, 10, 18, 51, 79, 283, 29, 10, 11, 27),
(1204, 10, 12, 35, 57, 284, 29, 10, 11, 27),
(1205, 10, 19, 51, 80, 285, 29, 10, 11, 27),
(1206, 3, 15, 24, 42, 286, 29, 10, 11, 27),
(1207, 3, 12, 18, 33, 288, 29, 10, 11, 27),
(1208, 3, 18, 14, 35, 287, 29, 10, 11, 27),
(1209, 8, 15, 22, 45, 289, 29, 10, 11, 27),
(1210, 3, 17, 32, 52, 290, 29, 10, 11, 27),
(1211, 3, 10, 12, 25, 291, 29, 10, 11, 27),
(1212, 18, 20, 47, 85, 192, 24, 10, 11, 51),
(1213, 2, 5, 13, 20, 193, 24, 10, 11, 51),
(1214, 15, 20, 26, 61, 194, 24, 10, 11, 51),
(1215, 3, 8, 6, 17, 195, 24, 10, 11, 51),
(1216, 2, 8, 15, 25, 196, 24, 10, 11, 51),
(1217, 20, 18, 54, 92, 197, 24, 10, 11, 51),
(1218, 7, 8, 24, 39, 198, 24, 10, 11, 51),
(1219, 5, 13, 24, 42, 199, 24, 10, 11, 51),
(1220, 6, 7, 5, 18, 200, 24, 10, 11, 51),
(1221, 20, 20, 54, 94, 202, 24, 10, 11, 51),
(1222, 6, 8, 25, 39, 203, 24, 10, 11, 51),
(1223, 3, 5, 12, 20, 204, 24, 10, 11, 51),
(1224, 2, 8, 14, 24, 205, 24, 10, 11, 51),
(1225, 20, 18, 41, 79, 206, 24, 10, 11, 51),
(1226, 5, 5, 34, 44, 207, 24, 10, 11, 51),
(1227, 8, 8, 27, 43, 209, 24, 10, 11, 51),
(1228, 10, 18, 31, 59, 210, 24, 10, 11, 51),
(1229, 8, 8, 36, 52, 211, 24, 10, 11, 51),
(1230, 8, 13, 28, 49, 212, 24, 10, 11, 51),
(1231, 5, 5, 10, 20, 213, 24, 10, 11, 51),
(1232, 2, 6, 15, 23, 214, 24, 10, 11, 51),
(1233, 15, 8, 15, 38, 215, 24, 10, 11, 51),
(1234, 20, 8, 44, 72, 216, 24, 10, 11, 51),
(1235, 9, 6, 22, 37, 217, 24, 10, 11, 51),
(1236, 14, 20, 40, 74, 219, 24, 10, 11, 51),
(1237, 18, 8, 17, 43, 220, 24, 10, 11, 51),
(1238, 4, 8, 16, 28, 221, 24, 10, 11, 51),
(1239, 17, 20, 21, 58, 222, 24, 10, 11, 51),
(1240, 8, 16, 26, 50, 223, 24, 10, 11, 51),
(1241, 5, 5, 11, 21, 225, 24, 10, 11, 51),
(1242, 20, 20, 30, 70, 226, 24, 10, 11, 51),
(1243, 10, 12, 19, 41, 228, 24, 10, 11, 51),
(1244, 5, 10, 9, 24, 229, 24, 10, 11, 51),
(1245, 5, 7, 22, 34, 230, 24, 10, 11, 51),
(1246, 19, 18, 52, 89, 192, 24, 10, 11, 47),
(1247, 10, 11, 9, 30, 193, 24, 10, 11, 47),
(1248, 18, 15, 50, 83, 194, 24, 10, 11, 47),
(1249, 10, 10, 17, 37, 196, 24, 10, 11, 47),
(1250, 20, 20, 44, 84, 197, 24, 10, 11, 47),
(1251, 16, 15, 31, 62, 198, 24, 10, 11, 47),
(1252, 14, 15, 35, 64, 199, 24, 10, 11, 47),
(1253, 10, 8, 14, 32, 200, 24, 10, 11, 47),
(1254, 20, 18, 54, 92, 202, 24, 10, 11, 47),
(1255, 14, 12, 39, 65, 203, 24, 10, 11, 47),
(1256, 10, 8, 23, 41, 204, 24, 10, 11, 47),
(1257, 13, 10, 34, 57, 205, 24, 10, 11, 47),
(1258, 20, 18, 56, 94, 206, 24, 10, 11, 47),
(1259, 20, 12, 33, 65, 207, 24, 10, 11, 47),
(1260, 16, 18, 47, 81, 209, 24, 10, 11, 47),
(1261, 14, 20, 49, 83, 210, 24, 10, 11, 47),
(1262, 20, 18, 54, 92, 211, 24, 10, 11, 47),
(1263, 20, 18, 51, 89, 212, 24, 10, 11, 47),
(1264, 11, 8, 12, 31, 213, 24, 10, 11, 47),
(1265, 16, 17, 38, 71, 214, 24, 10, 11, 47),
(1266, 18, 14, 42, 74, 215, 24, 10, 11, 47),
(1267, 20, 15, 50, 85, 216, 24, 10, 11, 47),
(1268, 15, 13, 34, 62, 217, 24, 10, 11, 47),
(1269, 18, 14, 48, 80, 218, 24, 10, 11, 47),
(1270, 18, 14, 48, 80, 219, 24, 10, 11, 47),
(1271, 12, 20, 40, 72, 220, 24, 10, 11, 47);
INSERT INTO `scores` (`id`, `First_CA`, `Second_CA`, `Exam`, `Total_Score`, `Students_id`, `Students_Classess_id`, `Terms_id`, `Terms_Years_id`, `Subjects_id`) VALUES
(1272, 14, 11, 35, 60, 221, 24, 10, 11, 47),
(1273, 18, 16, 47, 81, 222, 24, 10, 11, 47),
(1274, 18, 15, 38, 71, 223, 24, 10, 11, 47),
(1275, 12, 14, 36, 62, 225, 24, 10, 11, 47),
(1276, 20, 20, 53, 93, 226, 24, 10, 11, 47),
(1277, 20, 20, 54, 94, 227, 24, 10, 11, 47),
(1278, 14, 15, 36, 65, 228, 24, 10, 11, 47),
(1279, 15, 10, 30, 55, 229, 24, 10, 11, 47),
(1280, 5, 12, 18, 35, 301, 27, 10, 11, 53),
(1281, 2, 10, 7, 19, 293, 27, 10, 11, 53),
(1282, 5, 15, 13, 33, 304, 27, 10, 11, 53),
(1283, 2, 12, 13, 27, 305, 27, 10, 11, 53),
(1284, 5, 13, 12, 30, 299, 27, 10, 11, 53),
(1285, 2, 13, 48, 63, 298, 27, 10, 11, 53),
(1286, 2, 10, 5, 17, 297, 27, 10, 11, 53),
(1287, 2, 10, 32, 44, 296, 27, 10, 11, 53),
(1288, 2, 12, 29, 43, 295, 27, 10, 11, 53),
(1289, 7, 10, 33, 50, 311, 27, 10, 11, 53),
(1290, 2, 12, 41, 55, 310, 27, 10, 11, 53),
(1291, 5, 13, 23, 41, 313, 27, 10, 11, 53),
(1292, 4, 12, 16, 32, 303, 27, 10, 11, 53),
(1293, 5, 15, 20, 40, 300, 27, 10, 11, 53),
(1294, 2, 12, 48, 62, 306, 27, 10, 11, 53),
(1295, 2, 10, 13, 25, 292, 27, 10, 11, 53),
(1296, 7, 15, 35, 57, 312, 27, 10, 11, 53),
(1297, 5, 10, 8, 23, 302, 27, 10, 11, 53),
(1298, 5, 10, 19, 34, 323, 27, 10, 11, 53),
(1299, 4, 13, 5, 22, 325, 27, 10, 11, 53),
(1300, 7, 10, 15, 32, 319, 27, 10, 11, 53),
(1301, 8, 10, 26, 44, 320, 27, 10, 11, 53),
(1302, 13, 12, 56, 81, 322, 27, 10, 11, 53),
(1303, 6, 10, 23, 39, 324, 27, 10, 11, 53),
(1304, 2, 10, 16, 28, 314, 27, 10, 11, 53),
(1305, 16, 15, 58, 89, 317, 27, 10, 11, 53),
(1306, 5, 13, 3, 21, 326, 27, 10, 11, 53),
(1307, 7, 10, 9, 26, 327, 27, 10, 11, 53),
(1308, 10, 13, 26, 49, 321, 27, 10, 11, 53),
(1309, 5, 12, 12, 29, 318, 27, 10, 11, 53),
(1310, 5, 10, 20, 35, 315, 27, 10, 11, 53),
(1311, 2, 10, 6, 18, 1, 28, 10, 11, 53),
(1312, 6, 12, 32, 50, 2, 28, 10, 11, 53),
(1313, 3, 10, 13, 26, 3, 28, 10, 11, 53),
(1314, 2, 7, 25, 34, 4, 28, 10, 11, 53),
(1315, 13, 14, 59, 86, 6, 28, 10, 11, 53),
(1316, 2, 10, 5, 17, 7, 28, 10, 11, 53),
(1317, 2, 12, 8, 22, 8, 28, 10, 11, 53),
(1318, 2, 7, 6, 15, 9, 28, 10, 11, 53),
(1319, 6, 12, 28, 46, 10, 28, 10, 11, 53),
(1320, 9, 10, 2, 21, 11, 28, 10, 11, 53),
(1321, 14, 10, 8, 32, 13, 28, 10, 11, 53),
(1322, 17, 15, 59, 91, 14, 28, 10, 11, 53),
(1323, 2, 12, 44, 58, 18, 28, 10, 11, 53),
(1324, 2, 10, 9, 21, 15, 28, 10, 11, 53),
(1325, 2, 7, 17, 26, 16, 28, 10, 11, 53),
(1326, 2, 10, 6, 18, 17, 28, 10, 11, 53),
(1327, 2, 15, 33, 50, 12, 28, 10, 11, 53),
(1328, 4, 15, 38, 57, 19, 28, 10, 11, 53),
(1329, 2, 5, 25, 32, 20, 28, 10, 11, 53),
(1330, 2, 13, 13, 28, 21, 28, 10, 11, 53),
(1331, 3, 10, 37, 50, 22, 28, 10, 11, 53),
(1332, 2, 10, 23, 35, 29, 28, 10, 11, 53),
(1333, 4, 13, 37, 54, 23, 28, 10, 11, 53),
(1334, 5, 10, 15, 30, 24, 28, 10, 11, 53),
(1335, 5, 12, 25, 42, 25, 28, 10, 11, 53),
(1336, 2, 14, 26, 42, 26, 28, 10, 11, 53),
(1337, 5, 10, 46, 61, 27, 28, 10, 11, 53),
(1338, 5, 10, 41, 56, 28, 28, 10, 11, 53),
(1339, 2, 13, 25, 40, 260, 29, 10, 11, 53),
(1340, 2, 9, 10, 21, 261, 29, 10, 11, 53),
(1341, 2, 10, 9, 21, 262, 29, 10, 11, 53),
(1342, 2, 13, 44, 59, 263, 29, 10, 11, 53),
(1343, 16, 15, 41, 72, 265, 29, 10, 11, 53),
(1344, 7, 15, 39, 61, 266, 29, 10, 11, 53),
(1345, 8, 15, 37, 60, 269, 29, 10, 11, 53),
(1346, 13, 15, 31, 59, 270, 29, 10, 11, 53),
(1347, 12, 10, 49, 71, 271, 29, 10, 11, 53),
(1348, 14, 15, 44, 73, 272, 29, 10, 11, 53),
(1349, 8, 15, 21, 44, 273, 29, 10, 11, 53),
(1350, 2, 15, 15, 32, 274, 29, 10, 11, 53),
(1351, 9, 10, 41, 60, 275, 29, 10, 11, 53),
(1352, 13, 10, 45, 68, 276, 29, 10, 11, 53),
(1353, 2, 15, 12, 29, 277, 29, 10, 11, 53),
(1354, 2, 15, 7, 24, 278, 29, 10, 11, 53),
(1355, 7, 15, 46, 68, 279, 29, 10, 11, 53),
(1356, 14, 10, 26, 50, 280, 29, 10, 11, 53),
(1357, 18, 10, 33, 61, 282, 29, 10, 11, 53),
(1358, 16, 15, 49, 80, 283, 29, 10, 11, 53),
(1359, 2, 13, 27, 42, 284, 29, 10, 11, 53),
(1360, 16, 15, 49, 80, 285, 29, 10, 11, 53),
(1361, 18, 10, 33, 61, 286, 29, 10, 11, 53),
(1362, 2, 10, 10, 22, 288, 29, 10, 11, 53),
(1363, 2, 13, 30, 45, 289, 29, 10, 11, 53),
(1364, 7, 10, 20, 37, 290, 29, 10, 11, 53),
(1365, 2, 10, 7, 19, 291, 29, 10, 11, 53),
(1366, 16, 10, 48, 74, 268, 29, 10, 11, 53),
(1367, 12, 20, 19, 51, 69, 25, 10, 11, 26),
(1368, 9, 10, 19, 38, 70, 25, 10, 11, 26),
(1369, 18, 10, 44, 72, 71, 25, 10, 11, 26),
(1370, 12, 10, 36, 58, 72, 25, 10, 11, 26),
(1371, 15, 15, 36, 66, 73, 25, 10, 11, 26),
(1372, 19, 10, 24, 53, 74, 25, 10, 11, 26),
(1373, 8, 10, 21, 39, 75, 25, 10, 11, 26),
(1374, 10, 10, 14, 34, 76, 25, 10, 11, 26),
(1375, 18, 10, 9, 37, 77, 25, 10, 11, 26),
(1376, 14, 10, 21, 45, 78, 25, 10, 11, 26),
(1377, 11, 10, 12, 33, 79, 25, 10, 11, 26),
(1378, 13, 15, 28, 56, 80, 25, 10, 11, 26),
(1379, 12, 10, 11, 33, 81, 25, 10, 11, 26),
(1380, 19, 15, 43, 77, 82, 25, 10, 11, 26),
(1381, 9, 15, 32, 56, 83, 25, 10, 11, 26),
(1382, 20, 10, 45, 75, 84, 25, 10, 11, 26),
(1383, 10, 10, 14, 34, 85, 25, 10, 11, 26),
(1384, 5, 10, 31, 46, 86, 25, 10, 11, 26),
(1385, 17, 15, 52, 84, 87, 25, 10, 11, 26),
(1386, 15, 10, 26, 51, 88, 25, 10, 11, 26),
(1387, 11, 10, 26, 47, 89, 25, 10, 11, 26),
(1388, 17, 10, 24, 51, 90, 25, 10, 11, 26),
(1389, 14, 15, 54, 83, 91, 25, 10, 11, 26),
(1390, 14, 20, 34, 68, 92, 25, 10, 11, 26),
(1391, 18, 15, 42, 75, 94, 25, 10, 11, 26),
(1392, 15, 20, 54, 89, 95, 25, 10, 11, 26),
(1393, 15, 20, 58, 93, 96, 25, 10, 11, 26),
(1394, 7, 10, 5, 22, 97, 25, 10, 11, 26),
(1395, 8, 10, 8, 26, 98, 25, 10, 11, 26),
(1396, 14, 10, 52, 76, 99, 25, 10, 11, 26),
(1397, 14, 20, 52, 86, 101, 25, 10, 11, 26),
(1398, 8, 10, 36, 54, 102, 25, 10, 11, 26),
(1399, 16, 10, 21, 47, 103, 25, 10, 11, 26),
(1400, 13, 10, 48, 71, 104, 25, 10, 11, 26),
(1401, 20, 20, 57, 97, 106, 25, 10, 11, 26),
(1402, 11, 10, 28, 49, 107, 25, 10, 11, 26),
(1403, 8, 10, 36, 54, 108, 25, 10, 11, 26),
(1404, 9, 10, 34, 53, 110, 25, 10, 11, 26),
(1405, 15, 10, 35, 60, 30, 26, 10, 11, 26),
(1406, 20, 10, 50, 80, 31, 26, 10, 11, 26),
(1407, 7, 10, 17, 34, 32, 26, 10, 11, 26),
(1408, 12, 10, 48, 70, 34, 26, 10, 11, 26),
(1409, 20, 10, 54, 84, 35, 26, 10, 11, 26),
(1410, 20, 20, 54, 94, 36, 26, 10, 11, 26),
(1411, 7, 10, 11, 28, 37, 26, 10, 11, 26),
(1412, 20, 20, 55, 95, 38, 26, 10, 11, 26),
(1413, 16, 10, 43, 69, 39, 26, 10, 11, 26),
(1414, 20, 15, 45, 80, 40, 26, 10, 11, 26),
(1415, 6, 10, 31, 47, 42, 26, 10, 11, 26),
(1416, 15, 10, 46, 71, 43, 26, 10, 11, 26),
(1417, 9, 10, 7, 26, 45, 26, 10, 11, 26),
(1418, 5, 15, 7, 27, 46, 26, 10, 11, 26),
(1419, 12, 10, 4, 26, 47, 26, 10, 11, 26),
(1420, 10, 15, 32, 57, 48, 26, 10, 11, 26),
(1421, 6, 10, 21, 37, 50, 26, 10, 11, 26),
(1422, 14, 15, 48, 77, 51, 26, 10, 11, 26),
(1423, 5, 10, 20, 35, 52, 26, 10, 11, 26),
(1424, 14, 10, 35, 59, 53, 26, 10, 11, 26),
(1425, 9, 10, 18, 37, 54, 26, 10, 11, 26),
(1426, 15, 10, 26, 51, 56, 26, 10, 11, 26),
(1427, 12, 10, 30, 52, 57, 26, 10, 11, 26),
(1428, 8, 10, 19, 37, 58, 26, 10, 11, 26),
(1429, 4, 15, 25, 44, 59, 26, 10, 11, 26),
(1430, 6, 10, 17, 33, 60, 26, 10, 11, 26),
(1431, 16, 10, 34, 60, 61, 26, 10, 11, 26),
(1432, 18, 10, 34, 62, 62, 26, 10, 11, 26),
(1433, 20, 20, 55, 95, 63, 26, 10, 11, 26),
(1434, 12, 10, 44, 66, 64, 26, 10, 11, 26),
(1435, 11, 10, 49, 70, 65, 26, 10, 11, 26),
(1436, 12, 15, 47, 74, 66, 26, 10, 11, 26),
(1437, 15, 10, 32, 57, 67, 26, 10, 11, 26),
(1438, 5, 10, 37, 52, 44, 26, 10, 11, 26),
(1439, 16, 10, 49, 75, 192, 24, 10, 11, 26),
(1440, 6, 10, 8, 24, 193, 24, 10, 11, 26),
(1441, 15, 15, 15, 45, 194, 24, 10, 11, 26),
(1442, 6, 10, 7, 23, 195, 24, 10, 11, 26),
(1443, 10, 10, 16, 36, 196, 24, 10, 11, 26),
(1444, 16, 15, 59, 90, 197, 24, 10, 11, 26),
(1445, 20, 10, 40, 70, 198, 24, 10, 11, 26),
(1446, 14, 15, 30, 59, 199, 24, 10, 11, 26),
(1447, 5, 10, 8, 23, 200, 24, 10, 11, 26),
(1448, 5, 10, 18, 33, 201, 24, 10, 11, 26),
(1449, 10, 15, 59, 84, 202, 24, 10, 11, 26),
(1450, 19, 15, 45, 79, 203, 24, 10, 11, 26),
(1451, 3, 10, 6, 19, 204, 24, 10, 11, 26),
(1452, 12, 20, 26, 58, 205, 24, 10, 11, 26),
(1453, 6, 10, 48, 64, 206, 24, 10, 11, 26),
(1454, 14, 10, 29, 53, 207, 24, 10, 11, 26),
(1455, 12, 15, 18, 45, 209, 24, 10, 11, 26),
(1456, 10, 15, 26, 51, 210, 24, 10, 11, 26),
(1457, 14, 15, 15, 44, 211, 24, 10, 11, 26),
(1458, 19, 10, 37, 66, 212, 24, 10, 11, 26),
(1459, 8, 10, 11, 29, 213, 24, 10, 11, 26),
(1460, 14, 10, 18, 42, 214, 24, 10, 11, 26),
(1461, 13, 15, 39, 67, 215, 24, 10, 11, 26),
(1462, 13, 15, 43, 71, 216, 24, 10, 11, 26),
(1463, 9, 10, 25, 44, 217, 24, 10, 11, 26),
(1464, 12, 10, 41, 63, 218, 24, 10, 11, 26),
(1465, 14, 10, 38, 62, 219, 24, 10, 11, 26),
(1466, 6, 10, 32, 48, 220, 24, 10, 11, 26),
(1467, 15, 10, 36, 61, 221, 24, 10, 11, 26),
(1468, 17, 20, 41, 78, 222, 24, 10, 11, 26),
(1469, 20, 10, 40, 70, 223, 24, 10, 11, 26),
(1470, 7, 10, 23, 40, 225, 24, 10, 11, 26),
(1471, 19, 20, 50, 89, 226, 24, 10, 11, 26),
(1472, 14, 15, 44, 73, 227, 24, 10, 11, 26),
(1473, 7, 15, 37, 59, 228, 24, 10, 11, 26),
(1474, 7, 10, 16, 33, 229, 24, 10, 11, 26),
(1475, 10, 10, 7, 27, 230, 24, 10, 11, 26),
(1476, 8, 16, 18, 42, 12, 28, 10, 11, 27),
(1477, 13, 15, 10, 38, 13, 28, 10, 11, 27),
(1478, 5, 2, 11, 18, 7, 28, 10, 11, 27),
(1479, 1, 5, 12, 18, 5, 28, 10, 11, 27),
(1480, 8, 3, 14, 25, 9, 28, 10, 11, 27),
(1481, 7, 7, 33, 47, 19, 28, 10, 11, 27),
(1482, 9, 18, 30, 57, 2, 28, 10, 11, 27),
(1483, 8, 13, 12, 33, 11, 28, 10, 11, 27),
(1484, 10, 16, 37, 63, 22, 28, 10, 11, 27),
(1485, 6, 15, 37, 58, 24, 28, 10, 11, 27),
(1486, 18, 18, 58, 94, 6, 28, 10, 11, 27),
(1487, 9, 7, 19, 35, 26, 28, 10, 11, 27),
(1488, 11, 9, 37, 57, 28, 28, 10, 11, 27),
(1489, 14, 2, 19, 35, 8, 28, 10, 11, 27),
(1490, 11, 15, 28, 54, 20, 28, 10, 11, 27),
(1491, 13, 15, 14, 42, 10, 28, 10, 11, 27),
(1492, 1, 5, 21, 27, 1, 28, 10, 11, 27),
(1493, 6, 17, 29, 52, 23, 28, 10, 11, 27),
(1494, 6, 17, 29, 52, 25, 28, 10, 11, 27),
(1495, 9, 7, 28, 44, 29, 28, 10, 11, 27),
(1496, 6, 10, 10, 26, 3, 28, 10, 11, 27),
(1497, 18, 18, 56, 92, 14, 28, 10, 11, 27),
(1498, 5, 18, 40, 63, 18, 28, 10, 11, 27),
(1499, 4, 13, 15, 32, 17, 28, 10, 11, 27),
(1500, 7, 13, 28, 48, 4, 28, 10, 11, 27),
(1501, 1, 5, 22, 28, 21, 28, 10, 11, 27),
(1502, 10, 5, 13, 28, 16, 28, 10, 11, 27),
(1503, 11, 13, 13, 37, 15, 28, 10, 11, 27),
(1504, 8, 9, 23, 40, 27, 28, 10, 11, 27),
(1535, 19, 17, 54, 90, 155, 30, 10, 11, 57),
(1536, 14, 17, 41, 72, 156, 30, 10, 11, 57),
(1537, 15, 13, 32, 60, 157, 30, 10, 11, 57),
(1538, 20, 14, 49, 83, 158, 30, 10, 11, 57),
(1539, 19, 18, 50, 87, 159, 30, 10, 11, 57),
(1540, 19, 16, 55, 90, 160, 30, 10, 11, 57),
(1541, 16, 19, 51, 86, 161, 30, 10, 11, 57),
(1542, 16, 18, 59, 93, 162, 30, 10, 11, 57),
(1543, 20, 18, 58, 96, 163, 30, 10, 11, 57),
(1544, 20, 12, 55, 87, 164, 30, 10, 11, 57),
(1545, 17, 14, 46, 77, 165, 30, 10, 11, 57),
(1546, 15, 16, 36, 67, 166, 30, 10, 11, 57),
(1547, 13, 13, 30, 56, 167, 30, 10, 11, 57),
(1548, 14, 16, 44, 74, 168, 30, 10, 11, 57),
(1549, 19, 15, 54, 88, 169, 30, 10, 11, 57),
(1550, 17, 16, 45, 78, 170, 30, 10, 11, 57),
(1551, 14, 12, 32, 58, 171, 30, 10, 11, 57),
(1552, 13, 19, 50, 82, 172, 30, 10, 11, 57),
(1553, 13, 17, 52, 82, 174, 30, 10, 11, 57),
(1554, 13, 13, 27, 53, 175, 30, 10, 11, 57),
(1555, 18, 19, 49, 86, 176, 30, 10, 11, 57),
(1556, 15, 12, 46, 73, 177, 30, 10, 11, 57),
(1557, 10, 12, 27, 49, 178, 30, 10, 11, 57),
(1558, 14, 14, 42, 70, 179, 30, 10, 11, 57),
(1559, 20, 17, 47, 84, 181, 30, 10, 11, 57),
(1560, 12, 18, 20, 50, 182, 30, 10, 11, 57),
(1561, 18, 17, 49, 84, 183, 30, 10, 11, 57),
(1562, 19, 19, 45, 83, 184, 30, 10, 11, 57),
(1563, 20, 16, 51, 87, 185, 30, 10, 11, 57),
(1564, 20, 17, 55, 92, 186, 30, 10, 11, 57),
(1565, 17, 15, 41, 73, 187, 30, 10, 11, 57),
(1566, 18, 17, 41, 76, 188, 30, 10, 11, 57),
(1567, 10, 19, 43, 72, 189, 30, 10, 11, 57),
(1568, 19, 18, 51, 88, 190, 30, 10, 11, 57),
(1569, 14, 17, 31, 62, 191, 30, 10, 11, 57),
(1570, 12, 17, 37, 66, 232, 33, 10, 11, 57),
(1571, 10, 18, 46, 74, 233, 33, 10, 11, 57),
(1572, 15, 18, 35, 68, 234, 33, 10, 11, 57),
(1573, 19, 20, 58, 97, 235, 33, 10, 11, 57),
(1574, 10, 16, 39, 65, 236, 33, 10, 11, 57),
(1575, 19, 15, 48, 82, 237, 33, 10, 11, 57),
(1576, 18, 20, 58, 96, 245, 33, 10, 11, 57),
(1577, 14, 16, 45, 75, 238, 33, 10, 11, 57),
(1578, 18, 20, 57, 95, 240, 33, 10, 11, 57),
(1579, 15, 17, 53, 85, 241, 33, 10, 11, 57),
(1580, 19, 20, 48, 87, 242, 33, 10, 11, 57),
(1581, 19, 18, 54, 91, 243, 33, 10, 11, 57),
(1582, 12, 20, 55, 87, 244, 33, 10, 11, 57),
(1583, 15, 19, 49, 83, 247, 33, 10, 11, 57),
(1584, 14, 13, 38, 65, 248, 33, 10, 11, 57),
(1585, 16, 20, 42, 78, 249, 33, 10, 11, 57),
(1586, 13, 16, 34, 63, 251, 33, 10, 11, 57),
(1587, 13, 19, 45, 77, 252, 33, 10, 11, 57),
(1588, 13, 15, 47, 75, 253, 33, 10, 11, 57),
(1589, 17, 18, 46, 81, 254, 33, 10, 11, 57),
(1590, 19, 18, 55, 92, 250, 33, 10, 11, 57),
(1591, 17, 19, 48, 84, 246, 33, 10, 11, 57),
(1592, 10, 20, 57, 87, 239, 33, 10, 11, 57),
(1624, 20, 19, 57, 96, 133, 31, 10, 11, 56),
(1625, 19, 18, 58, 95, 134, 31, 10, 11, 56),
(1626, 18, 17, 57, 92, 135, 31, 10, 11, 56),
(1627, 5, 10, 17, 32, 136, 31, 10, 11, 56),
(1628, 19, 18, 20, 57, 137, 31, 10, 11, 56),
(1629, 20, 20, 56, 96, 152, 31, 10, 11, 56),
(1630, 12, 14, 39, 65, 153, 31, 10, 11, 56),
(1631, 20, 19, 57, 96, 154, 31, 10, 11, 56),
(1632, 14, 12, 31, 57, 255, 32, 10, 11, 56),
(1633, 16, 7, 34, 57, 257, 32, 10, 11, 56),
(1634, 19, 20, 47, 86, 256, 32, 10, 11, 56),
(1635, 18, 14, 29, 61, 258, 32, 10, 11, 56),
(1636, 15, 9, 29, 53, 259, 32, 10, 11, 56),
(1637, 6, 5, 27, 38, 255, 32, 10, 11, 29),
(1638, 6, 10, 15, 31, 257, 32, 10, 11, 29),
(1639, 4, 10, 29, 43, 256, 32, 10, 11, 29),
(1640, 6, 10, 25, 41, 258, 32, 10, 11, 29),
(1641, 10, 10, 26, 46, 259, 32, 10, 11, 29),
(1642, 11, 16, 30, 57, 256, 32, 10, 11, 63),
(1643, 10, 15, 15, 40, 257, 32, 10, 11, 63),
(1644, 11, 15, 29, 55, 259, 32, 10, 11, 63),
(1645, 13, 18, 30, 61, 258, 32, 10, 11, 63),
(1646, 10, 15, 18, 43, 255, 32, 10, 11, 63),
(1647, 14, 13, 23, 50, 132, 31, 10, 11, 29),
(1648, 12, 13, 38, 63, 133, 31, 10, 11, 29),
(1649, 13, 14, 19, 46, 134, 31, 10, 11, 29),
(1650, 10, 13, 12, 35, 136, 31, 10, 11, 29),
(1651, 12, 13, 26, 51, 137, 31, 10, 11, 29),
(1652, 14, 15, 36, 65, 152, 31, 10, 11, 29),
(1653, 12, 14, 13, 39, 153, 31, 10, 11, 29),
(1654, 16, 12, 23, 51, 154, 31, 10, 11, 29),
(1655, 10, 12, 14, 36, 132, 31, 10, 11, 63),
(1656, 19, 18, 40, 77, 133, 31, 10, 11, 63),
(1657, 12, 15, 30, 57, 134, 31, 10, 11, 63),
(1658, 10, 12, 13, 35, 136, 31, 10, 11, 63),
(1659, 10, 14, 16, 40, 137, 31, 10, 11, 63),
(1660, 15, 19, 46, 80, 152, 31, 10, 11, 63),
(1661, 10, 15, 21, 46, 153, 31, 10, 11, 63),
(1662, 12, 16, 33, 61, 154, 31, 10, 11, 63),
(1663, 10, 10, 35, 55, 156, 30, 10, 11, 29),
(1664, 10, 12, 33, 55, 157, 30, 10, 11, 29),
(1665, 10, 12, 44, 66, 158, 30, 10, 11, 29),
(1666, 10, 13, 39, 62, 159, 30, 10, 11, 29),
(1667, 12, 13, 41, 66, 160, 30, 10, 11, 29),
(1668, 13, 14, 35, 62, 161, 30, 10, 11, 29),
(1669, 13, 15, 40, 68, 162, 30, 10, 11, 29),
(1670, 15, 10, 37, 62, 163, 30, 10, 11, 29),
(1671, 10, 12, 41, 63, 164, 30, 10, 11, 29),
(1672, 10, 12, 38, 60, 165, 30, 10, 11, 29),
(1673, 12, 12, 34, 58, 166, 30, 10, 11, 29),
(1674, 12, 13, 30, 55, 167, 30, 10, 11, 29),
(1675, 11, 15, 35, 61, 168, 30, 10, 11, 29),
(1676, 15, 12, 40, 67, 169, 30, 10, 11, 29),
(1677, 15, 12, 42, 69, 170, 30, 10, 11, 29),
(1678, 10, 10, 32, 52, 171, 30, 10, 11, 29),
(1679, 10, 12, 31, 53, 172, 30, 10, 11, 29),
(1680, 10, 10, 32, 52, 173, 30, 10, 11, 29),
(1681, 10, 10, 38, 58, 174, 30, 10, 11, 29),
(1682, 10, 12, 34, 56, 175, 30, 10, 11, 29),
(1683, 10, 13, 43, 66, 176, 30, 10, 11, 29),
(1684, 10, 12, 37, 59, 177, 30, 10, 11, 29),
(1685, 10, 14, 26, 50, 178, 30, 10, 11, 29),
(1686, 10, 14, 31, 55, 179, 30, 10, 11, 29),
(1687, 18, 17, 43, 78, 180, 30, 10, 11, 29),
(1688, 10, 14, 42, 66, 181, 30, 10, 11, 29),
(1689, 10, 13, 35, 58, 182, 30, 10, 11, 29),
(1690, 10, 15, 38, 63, 183, 30, 10, 11, 29),
(1691, 12, 15, 39, 66, 184, 30, 10, 11, 29),
(1692, 15, 18, 39, 72, 185, 30, 10, 11, 29),
(1693, 15, 18, 45, 78, 186, 30, 10, 11, 29),
(1694, 10, 10, 30, 50, 187, 30, 10, 11, 29),
(1695, 10, 12, 33, 55, 188, 30, 10, 11, 29),
(1696, 12, 15, 36, 63, 189, 30, 10, 11, 29),
(1697, 10, 15, 38, 63, 190, 30, 10, 11, 29),
(1698, 10, 14, 28, 52, 191, 30, 10, 11, 29),
(1699, 20, 20, 15, 55, 232, 33, 10, 11, 29),
(1700, 5, 10, 26, 41, 233, 33, 10, 11, 29),
(1701, 4, 5, 11, 20, 234, 33, 10, 11, 29),
(1702, 8, 20, 31, 59, 235, 33, 10, 11, 29),
(1703, 20, 20, 18, 58, 236, 33, 10, 11, 29),
(1704, 20, 20, 33, 73, 237, 33, 10, 11, 29),
(1705, 8, 20, 40, 68, 245, 33, 10, 11, 29),
(1706, 20, 20, 24, 64, 238, 33, 10, 11, 29),
(1707, 8, 20, 32, 60, 240, 33, 10, 11, 29),
(1708, 10, 10, 32, 52, 241, 33, 10, 11, 29),
(1709, 6, 5, 39, 50, 242, 33, 10, 11, 29),
(1710, 6, 20, 34, 60, 243, 33, 10, 11, 29),
(1711, 20, 20, 22, 62, 244, 33, 10, 11, 29),
(1712, 20, 20, 31, 71, 247, 33, 10, 11, 29),
(1713, 5, 5, 12, 22, 248, 33, 10, 11, 29),
(1714, 20, 20, 16, 56, 249, 33, 10, 11, 29),
(1715, 10, 10, 10, 30, 251, 33, 10, 11, 29),
(1716, 11, 5, 12, 28, 252, 33, 10, 11, 29),
(1717, 10, 5, 26, 41, 253, 33, 10, 11, 29),
(1718, 12, 15, 31, 58, 254, 33, 10, 11, 29),
(1719, 20, 20, 34, 74, 250, 33, 10, 11, 29),
(1720, 8, 5, 22, 35, 246, 33, 10, 11, 29),
(1721, 17, 8, 41, 66, 260, 29, 10, 11, 47),
(1722, 2, 5, 12, 19, 261, 29, 10, 11, 47),
(1723, 10, 9, 12, 31, 262, 29, 10, 11, 47),
(1724, 2, 20, 46, 68, 263, 29, 10, 11, 47),
(1725, 15, 11, 35, 61, 264, 29, 10, 11, 47),
(1726, 18, 12, 45, 75, 265, 29, 10, 11, 47),
(1727, 2, 16, 47, 65, 266, 29, 10, 11, 47),
(1728, 2, 5, 39, 46, 267, 29, 10, 11, 47),
(1729, 2, 20, 50, 72, 268, 29, 10, 11, 47),
(1730, 13, 15, 31, 59, 269, 29, 10, 11, 47),
(1731, 2, 20, 49, 71, 270, 29, 10, 11, 47),
(1732, 16, 20, 53, 89, 271, 29, 10, 11, 47),
(1733, 16, 20, 47, 83, 272, 29, 10, 11, 47),
(1734, 15, 11, 32, 58, 273, 29, 10, 11, 47),
(1735, 2, 5, 48, 55, 274, 29, 10, 11, 47),
(1736, 8, 20, 36, 64, 275, 29, 10, 11, 47),
(1737, 10, 20, 53, 83, 276, 29, 10, 11, 47),
(1738, 15, 8, 16, 39, 277, 29, 10, 11, 47),
(1739, 2, 5, 19, 26, 278, 29, 10, 11, 47),
(1740, 16, 19, 52, 87, 279, 29, 10, 11, 47),
(1741, 2, 15, 45, 62, 280, 29, 10, 11, 47),
(1742, 15, 5, 38, 58, 282, 29, 10, 11, 47),
(1743, 17, 20, 53, 90, 283, 29, 10, 11, 47),
(1744, 18, 14, 33, 65, 284, 29, 10, 11, 47),
(1745, 17, 20, 55, 92, 285, 29, 10, 11, 47),
(1746, 15, 16, 24, 55, 286, 29, 10, 11, 47),
(1747, 2, 7, 21, 30, 288, 29, 10, 11, 47),
(1748, 2, 6, 23, 31, 287, 29, 10, 11, 47),
(1749, 2, 10, 39, 51, 289, 29, 10, 11, 47),
(1750, 15, 15, 24, 54, 290, 29, 10, 11, 47),
(1751, 2, 7, 7, 16, 291, 29, 10, 11, 47),
(1752, 15, 7, 14, 36, 281, 29, 10, 11, 47),
(1753, 10, 6, 16, 32, 1, 28, 10, 11, 47),
(1754, 15, 20, 51, 86, 2, 28, 10, 11, 47),
(1755, 10, 6, 9, 25, 3, 28, 10, 11, 47),
(1756, 10, 16, 38, 64, 4, 28, 10, 11, 47),
(1757, 10, 5, 6, 21, 5, 28, 10, 11, 47),
(1758, 10, 19, 56, 85, 6, 28, 10, 11, 47),
(1759, 10, 5, 28, 43, 8, 28, 10, 11, 47),
(1760, 10, 5, 7, 22, 9, 28, 10, 11, 47),
(1761, 10, 13, 36, 59, 10, 28, 10, 11, 47),
(1762, 10, 13, 14, 37, 11, 28, 10, 11, 47),
(1763, 15, 19, 42, 76, 13, 28, 10, 11, 47),
(1764, 15, 19, 55, 89, 14, 28, 10, 11, 47),
(1765, 13, 20, 52, 85, 18, 28, 10, 11, 47),
(1766, 10, 15, 17, 42, 15, 28, 10, 11, 47),
(1767, 15, 13, 18, 46, 17, 28, 10, 11, 47),
(1768, 10, 18, 46, 74, 12, 28, 10, 11, 47),
(1769, 2, 16, 42, 60, 19, 28, 10, 11, 47),
(1770, 10, 15, 40, 65, 20, 28, 10, 11, 47),
(1771, 13, 13, 29, 55, 21, 28, 10, 11, 47),
(1772, 18, 12, 39, 69, 22, 28, 10, 11, 47),
(1773, 15, 13, 23, 51, 29, 28, 10, 11, 47),
(1774, 18, 20, 38, 76, 23, 28, 10, 11, 47),
(1775, 18, 15, 34, 67, 24, 28, 10, 11, 47),
(1776, 15, 19, 39, 73, 25, 28, 10, 11, 47),
(1777, 10, 5, 25, 40, 26, 28, 10, 11, 47),
(1778, 10, 19, 30, 59, 27, 28, 10, 11, 47),
(1779, 18, 20, 37, 75, 28, 28, 10, 11, 47),
(1780, 15, 19, 24, 58, 301, 27, 10, 11, 47),
(1781, 2, 5, 14, 21, 293, 27, 10, 11, 47),
(1782, 15, 10, 18, 43, 304, 27, 10, 11, 47),
(1783, 19, 7, 16, 42, 305, 27, 10, 11, 47),
(1784, 2, 17, 27, 46, 299, 27, 10, 11, 47),
(1785, 19, 20, 43, 82, 298, 27, 10, 11, 47),
(1786, 10, 5, 15, 30, 297, 27, 10, 11, 47),
(1787, 15, 20, 48, 83, 296, 27, 10, 11, 47),
(1788, 19, 15, 35, 69, 295, 27, 10, 11, 47),
(1789, 19, 20, 32, 71, 311, 27, 10, 11, 47),
(1790, 10, 20, 40, 70, 310, 27, 10, 11, 47),
(1791, 2, 5, 30, 37, 309, 27, 10, 11, 47),
(1792, 10, 14, 20, 44, 313, 27, 10, 11, 47),
(1793, 10, 5, 32, 47, 303, 27, 10, 11, 47),
(1794, 15, 15, 27, 57, 300, 27, 10, 11, 47),
(1795, 19, 20, 43, 82, 306, 27, 10, 11, 47),
(1796, 15, 5, 12, 32, 292, 27, 10, 11, 47),
(1797, 2, 16, 31, 49, 312, 27, 10, 11, 47),
(1798, 2, 11, 25, 38, 294, 27, 10, 11, 47),
(1799, 10, 17, 27, 54, 302, 27, 10, 11, 47),
(1800, 10, 6, 43, 59, 323, 27, 10, 11, 47),
(1801, 10, 9, 17, 36, 325, 27, 10, 11, 47),
(1802, 2, 9, 18, 29, 319, 27, 10, 11, 47),
(1803, 10, 9, 23, 42, 320, 27, 10, 11, 47),
(1804, 15, 20, 51, 86, 322, 27, 10, 11, 47),
(1805, 15, 17, 42, 74, 324, 27, 10, 11, 47),
(1806, 10, 6, 15, 31, 314, 27, 10, 11, 47),
(1807, 15, 19, 50, 84, 317, 27, 10, 11, 47),
(1808, 15, 6, 14, 35, 326, 27, 10, 11, 47),
(1809, 2, 7, 20, 29, 327, 27, 10, 11, 47),
(1810, 10, 7, 49, 66, 321, 27, 10, 11, 47),
(1811, 15, 9, 16, 40, 318, 27, 10, 11, 47),
(1812, 15, 20, 48, 83, 315, 27, 10, 11, 47),
(1813, 15, 15, 22, 52, 301, 27, 10, 11, 48),
(1814, 10, 18, 14, 42, 293, 27, 10, 11, 48),
(1815, 20, 18, 33, 71, 304, 27, 10, 11, 48),
(1816, 18, 15, 20, 53, 305, 27, 10, 11, 48),
(1817, 20, 18, 46, 84, 299, 27, 10, 11, 48),
(1818, 20, 20, 50, 90, 298, 27, 10, 11, 48),
(1819, 15, 18, 13, 46, 297, 27, 10, 11, 48),
(1820, 20, 18, 37, 75, 296, 27, 10, 11, 48),
(1821, 18, 18, 25, 61, 295, 27, 10, 11, 48),
(1822, 15, 15, 31, 61, 311, 27, 10, 11, 48),
(1823, 20, 17, 34, 71, 310, 27, 10, 11, 48),
(1824, 15, 20, 18, 53, 309, 27, 10, 11, 48),
(1825, 18, 15, 31, 64, 313, 27, 10, 11, 48),
(1826, 18, 18, 33, 69, 303, 27, 10, 11, 48),
(1827, 15, 18, 20, 53, 300, 27, 10, 11, 48),
(1828, 20, 20, 47, 87, 306, 27, 10, 11, 48),
(1829, 10, 20, 34, 64, 292, 27, 10, 11, 48),
(1830, 20, 10, 29, 59, 312, 27, 10, 11, 48),
(1831, 20, 20, 34, 74, 294, 27, 10, 11, 48),
(1832, 15, 15, 18, 48, 302, 27, 10, 11, 48),
(1833, 20, 18, 44, 82, 323, 27, 10, 11, 48),
(1834, 20, 18, 24, 62, 325, 27, 10, 11, 48),
(1835, 15, 18, 18, 51, 319, 27, 10, 11, 48),
(1836, 20, 20, 33, 73, 320, 27, 10, 11, 48),
(1837, 20, 20, 42, 82, 322, 27, 10, 11, 48),
(1838, 20, 20, 33, 73, 324, 27, 10, 11, 48),
(1839, 15, 18, 20, 53, 314, 27, 10, 11, 48),
(1840, 20, 20, 50, 90, 317, 27, 10, 11, 48),
(1841, 18, 20, 12, 50, 326, 27, 10, 11, 48),
(1842, 10, 10, 24, 44, 327, 27, 10, 11, 48),
(1843, 10, 15, 33, 58, 321, 27, 10, 11, 48),
(1844, 10, 20, 10, 40, 318, 27, 10, 11, 48),
(1845, 15, 20, 40, 75, 315, 27, 10, 11, 48),
(1846, 15, 18, 27, 60, 260, 29, 10, 11, 48),
(1847, 10, 10, 18, 38, 261, 29, 10, 11, 48),
(1848, 10, 10, 9, 29, 262, 29, 10, 11, 48),
(1849, 20, 20, 45, 85, 263, 29, 10, 11, 48),
(1850, 10, 20, 34, 64, 264, 29, 10, 11, 48),
(1851, 10, 10, 33, 53, 265, 29, 10, 11, 48),
(1852, 20, 20, 54, 94, 266, 29, 10, 11, 48),
(1853, 10, 20, 25, 55, 269, 29, 10, 11, 48),
(1854, 20, 20, 45, 85, 270, 29, 10, 11, 48),
(1855, 18, 20, 52, 90, 271, 29, 10, 11, 48),
(1856, 20, 20, 52, 92, 272, 29, 10, 11, 48),
(1857, 18, 18, 38, 74, 273, 29, 10, 11, 48),
(1858, 15, 15, 34, 64, 274, 29, 10, 11, 48),
(1859, 18, 18, 35, 71, 275, 29, 10, 11, 48),
(1860, 20, 20, 48, 88, 276, 29, 10, 11, 48),
(1861, 20, 18, 20, 58, 277, 29, 10, 11, 48),
(1862, 10, 10, 8, 28, 278, 29, 10, 11, 48),
(1863, 18, 20, 54, 92, 279, 29, 10, 11, 48),
(1864, 18, 20, 47, 85, 282, 29, 10, 11, 48),
(1865, 20, 20, 52, 92, 283, 29, 10, 11, 48),
(1866, 20, 20, 50, 90, 284, 29, 10, 11, 48),
(1867, 20, 20, 48, 88, 285, 29, 10, 11, 48),
(1868, 18, 18, 48, 84, 286, 29, 10, 11, 48),
(1869, 18, 18, 22, 58, 288, 29, 10, 11, 48),
(1870, 10, 10, 17, 37, 287, 29, 10, 11, 48),
(1871, 20, 20, 46, 86, 289, 29, 10, 11, 48),
(1872, 18, 20, 40, 78, 290, 29, 10, 11, 48),
(1873, 10, 10, 17, 37, 291, 29, 10, 11, 48),
(1874, 10, 10, 28, 48, 281, 29, 10, 11, 48),
(1875, 10, 10, 20, 40, 1, 28, 10, 11, 48),
(1876, 20, 10, 33, 63, 2, 28, 10, 11, 48),
(1877, 10, 15, 16, 41, 3, 28, 10, 11, 48),
(1878, 10, 10, 29, 49, 4, 28, 10, 11, 48),
(1879, 10, 10, 12, 32, 5, 28, 10, 11, 48),
(1880, 20, 20, 60, 100, 6, 28, 10, 11, 48),
(1881, 15, 10, 9, 34, 7, 28, 10, 11, 48),
(1882, 15, 15, 12, 42, 8, 28, 10, 11, 48),
(1883, 10, 10, 9, 29, 9, 28, 10, 11, 48),
(1884, 15, 18, 34, 67, 10, 28, 10, 11, 48),
(1885, 18, 15, 35, 68, 11, 28, 10, 11, 48),
(1886, 15, 18, 15, 48, 13, 28, 10, 11, 48),
(1887, 20, 20, 60, 100, 14, 28, 10, 11, 48),
(1888, 20, 20, 45, 85, 18, 28, 10, 11, 48),
(1889, 18, 15, 24, 57, 15, 28, 10, 11, 48),
(1890, 15, 18, 31, 64, 16, 28, 10, 11, 48),
(1891, 10, 10, 16, 36, 17, 28, 10, 11, 48),
(1892, 20, 20, 54, 94, 12, 28, 10, 11, 48),
(1893, 20, 20, 50, 90, 19, 28, 10, 11, 48),
(1894, 18, 18, 39, 75, 20, 28, 10, 11, 48),
(1895, 18, 20, 53, 91, 21, 28, 10, 11, 48),
(1896, 20, 20, 55, 95, 22, 28, 10, 11, 48),
(1897, 20, 20, 50, 90, 29, 28, 10, 11, 48),
(1898, 18, 20, 47, 85, 23, 28, 10, 11, 48),
(1899, 18, 20, 55, 93, 24, 28, 10, 11, 48),
(1900, 18, 20, 53, 91, 25, 28, 10, 11, 48),
(1901, 20, 18, 43, 81, 26, 28, 10, 11, 48),
(1902, 18, 20, 54, 92, 27, 28, 10, 11, 48),
(1903, 15, 20, 57, 92, 28, 28, 10, 11, 48),
(1904, 20, 19, 54, 93, 30, 26, 10, 11, 47),
(1905, 20, 19, 41, 80, 31, 26, 10, 11, 47),
(1906, 7, 17, 32, 56, 32, 26, 10, 11, 47),
(1907, 20, 20, 52, 92, 33, 26, 10, 11, 47),
(1908, 16, 19, 34, 69, 34, 26, 10, 11, 47),
(1909, 19, 20, 58, 97, 35, 26, 10, 11, 47),
(1910, 20, 20, 50, 90, 36, 26, 10, 11, 47),
(1911, 7, 14, 18, 39, 37, 26, 10, 11, 47),
(1912, 20, 20, 56, 96, 38, 26, 10, 11, 47),
(1913, 20, 13, 27, 60, 39, 26, 10, 11, 47),
(1914, 20, 19, 56, 95, 40, 26, 10, 11, 47),
(1915, 19, 20, 51, 90, 41, 26, 10, 11, 47),
(1916, 10, 15, 17, 42, 42, 26, 10, 11, 47),
(1917, 10, 18, 27, 55, 43, 26, 10, 11, 47),
(1918, 8, 13, 16, 37, 45, 26, 10, 11, 47),
(1919, 11, 15, 10, 36, 46, 26, 10, 11, 47),
(1920, 10, 12, 12, 34, 47, 26, 10, 11, 47),
(1921, 16, 19, 37, 72, 48, 26, 10, 11, 47),
(1922, 10, 12, 17, 39, 50, 26, 10, 11, 47),
(1923, 14, 18, 28, 60, 51, 26, 10, 11, 47),
(1924, 10, 18, 15, 43, 52, 26, 10, 11, 47),
(1925, 16, 19, 43, 78, 53, 26, 10, 11, 47),
(1926, 10, 20, 46, 76, 54, 26, 10, 11, 47),
(1927, 14, 16, 11, 41, 55, 26, 10, 11, 47),
(1928, 10, 15, 35, 60, 56, 26, 10, 11, 47),
(1929, 16, 18, 37, 71, 57, 26, 10, 11, 47),
(1930, 12, 15, 20, 47, 58, 26, 10, 11, 47),
(1931, 18, 18, 44, 80, 59, 26, 10, 11, 47),
(1932, 20, 18, 47, 85, 60, 26, 10, 11, 47),
(1933, 20, 16, 46, 82, 61, 26, 10, 11, 47),
(1934, 19, 18, 43, 80, 62, 26, 10, 11, 47),
(1935, 20, 19, 41, 80, 63, 26, 10, 11, 47),
(1936, 20, 19, 48, 87, 64, 26, 10, 11, 47),
(1937, 18, 18, 48, 84, 65, 26, 10, 11, 47),
(1938, 16, 17, 44, 77, 66, 26, 10, 11, 47),
(1939, 16, 16, 39, 71, 67, 26, 10, 11, 47),
(1940, 11, 13, 15, 39, 68, 26, 10, 11, 47),
(1941, 15, 20, 47, 82, 44, 26, 10, 11, 47),
(1942, 16, 19, 51, 86, 69, 25, 10, 11, 47),
(1943, 18, 17, 48, 83, 70, 25, 10, 11, 47),
(1944, 20, 20, 51, 91, 71, 25, 10, 11, 47),
(1945, 20, 20, 50, 90, 72, 25, 10, 11, 47),
(1946, 20, 20, 50, 90, 73, 25, 10, 11, 47),
(1947, 18, 18, 43, 79, 74, 25, 10, 11, 47),
(1948, 12, 13, 27, 52, 75, 25, 10, 11, 47),
(1949, 14, 16, 15, 45, 76, 25, 10, 11, 47),
(1950, 12, 14, 29, 55, 77, 25, 10, 11, 47),
(1951, 20, 19, 54, 93, 78, 25, 10, 11, 47),
(1952, 8, 15, 25, 48, 79, 25, 10, 11, 47),
(1953, 20, 19, 56, 95, 80, 25, 10, 11, 47),
(1954, 18, 18, 44, 80, 81, 25, 10, 11, 47),
(1955, 18, 17, 52, 87, 82, 25, 10, 11, 47),
(1956, 20, 17, 41, 78, 83, 25, 10, 11, 47),
(1957, 20, 18, 52, 90, 84, 25, 10, 11, 47),
(1958, 14, 16, 36, 66, 85, 25, 10, 11, 47),
(1959, 14, 17, 13, 44, 86, 25, 10, 11, 47),
(1960, 18, 17, 37, 72, 87, 25, 10, 11, 47),
(1961, 20, 19, 54, 93, 88, 25, 10, 11, 47),
(1962, 18, 16, 42, 76, 89, 25, 10, 11, 47),
(1963, 8, 16, 38, 62, 90, 25, 10, 11, 47),
(1964, 20, 17, 48, 85, 91, 25, 10, 11, 47),
(1965, 20, 20, 53, 93, 92, 25, 10, 11, 47),
(1966, 20, 18, 52, 90, 94, 25, 10, 11, 47),
(1967, 20, 17, 53, 90, 95, 25, 10, 11, 47),
(1968, 20, 19, 52, 91, 96, 25, 10, 11, 47),
(1969, 14, 12, 20, 46, 97, 25, 10, 11, 47),
(1970, 14, 14, 32, 60, 98, 25, 10, 11, 47),
(1971, 18, 16, 46, 80, 99, 25, 10, 11, 47),
(1972, 14, 11, 15, 40, 100, 25, 10, 11, 47),
(1973, 20, 18, 52, 90, 101, 25, 10, 11, 47),
(1974, 20, 15, 41, 76, 102, 25, 10, 11, 47),
(1975, 20, 17, 43, 80, 103, 25, 10, 11, 47),
(1976, 20, 17, 38, 75, 104, 25, 10, 11, 47),
(1977, 6, 15, 13, 34, 110, 25, 10, 11, 47),
(1978, 20, 18, 49, 87, 106, 25, 10, 11, 47),
(1979, 18, 18, 24, 60, 107, 25, 10, 11, 47),
(1980, 14, 14, 33, 61, 108, 25, 10, 11, 47),
(1981, 18, 17, 29, 64, 109, 25, 10, 11, 47),
(1982, 14, 12, 43, 69, 93, 25, 10, 11, 47),
(1983, 20, 20, 59, 99, 30, 26, 10, 11, 48),
(1984, 20, 20, 59, 99, 31, 26, 10, 11, 48),
(1985, 20, 18, 38, 76, 32, 26, 10, 11, 48),
(1986, 20, 20, 60, 100, 33, 26, 10, 11, 48),
(1987, 10, 10, 50, 70, 34, 26, 10, 11, 48),
(1988, 20, 20, 60, 100, 35, 26, 10, 11, 48),
(1989, 20, 20, 58, 98, 36, 26, 10, 11, 48),
(1990, 10, 10, 15, 35, 37, 26, 10, 11, 48),
(1991, 20, 20, 54, 94, 38, 26, 10, 11, 48),
(1992, 10, 20, 39, 69, 39, 26, 10, 11, 48),
(1993, 20, 18, 57, 95, 40, 26, 10, 11, 48),
(1994, 10, 10, 30, 50, 42, 26, 10, 11, 48),
(1995, 20, 20, 34, 74, 43, 26, 10, 11, 48),
(1996, 12, 10, 15, 37, 45, 26, 10, 11, 48),
(1997, 10, 10, 11, 31, 46, 26, 10, 11, 48),
(1998, 15, 15, 14, 44, 47, 26, 10, 11, 48),
(1999, 10, 10, 54, 74, 48, 26, 10, 11, 48),
(2000, 10, 10, 11, 31, 50, 26, 10, 11, 48),
(2001, 10, 10, 30, 50, 51, 26, 10, 11, 48),
(2002, 20, 17, 27, 64, 52, 26, 10, 11, 48),
(2003, 20, 20, 47, 87, 53, 26, 10, 11, 48),
(2004, 15, 15, 54, 84, 54, 26, 10, 11, 48),
(2005, 15, 15, 26, 56, 56, 26, 10, 11, 48),
(2006, 15, 15, 45, 75, 57, 26, 10, 11, 48),
(2007, 20, 18, 10, 48, 58, 26, 10, 11, 48),
(2008, 20, 20, 45, 85, 59, 26, 10, 11, 48),
(2009, 20, 20, 56, 96, 60, 26, 10, 11, 48),
(2010, 18, 20, 35, 73, 61, 26, 10, 11, 48),
(2011, 20, 20, 49, 89, 62, 26, 10, 11, 48),
(2012, 20, 20, 53, 93, 63, 26, 10, 11, 48),
(2013, 20, 20, 41, 81, 64, 26, 10, 11, 48),
(2014, 15, 15, 49, 79, 65, 26, 10, 11, 48),
(2015, 15, 15, 47, 77, 66, 26, 10, 11, 48),
(2016, 20, 20, 45, 85, 67, 26, 10, 11, 48),
(2017, 10, 10, 10, 30, 68, 26, 10, 11, 48),
(2018, 15, 10, 55, 80, 44, 26, 10, 11, 48),
(2019, 20, 18, 55, 93, 69, 25, 10, 11, 48),
(2020, 20, 15, 53, 88, 70, 25, 10, 11, 48),
(2021, 20, 18, 53, 91, 71, 25, 10, 11, 48),
(2022, 20, 20, 60, 100, 72, 25, 10, 11, 48),
(2023, 20, 20, 60, 100, 73, 25, 10, 11, 48),
(2024, 20, 10, 51, 81, 74, 25, 10, 11, 48),
(2025, 20, 18, 18, 56, 75, 25, 10, 11, 48),
(2026, 10, 10, 22, 42, 76, 25, 10, 11, 48),
(2027, 20, 18, 14, 52, 77, 25, 10, 11, 48),
(2028, 20, 18, 47, 85, 78, 25, 10, 11, 48),
(2029, 20, 15, 24, 59, 79, 25, 10, 11, 48),
(2030, 20, 18, 54, 92, 80, 25, 10, 11, 48),
(2031, 20, 18, 49, 87, 81, 25, 10, 11, 48),
(2032, 20, 10, 47, 77, 82, 25, 10, 11, 48),
(2033, 20, 10, 52, 82, 83, 25, 10, 11, 48),
(2034, 20, 18, 59, 97, 84, 25, 10, 11, 48),
(2035, 20, 10, 49, 79, 85, 25, 10, 11, 48),
(2036, 20, 15, 14, 49, 86, 25, 10, 11, 48),
(2037, 20, 15, 42, 77, 87, 25, 10, 11, 48),
(2038, 20, 20, 58, 98, 88, 25, 10, 11, 48),
(2039, 20, 15, 53, 88, 89, 25, 10, 11, 48),
(2040, 20, 15, 39, 74, 90, 25, 10, 11, 48),
(2041, 20, 20, 44, 84, 91, 25, 10, 11, 48),
(2042, 20, 20, 53, 93, 92, 25, 10, 11, 48),
(2043, 20, 18, 53, 91, 94, 25, 10, 11, 48),
(2044, 18, 15, 51, 84, 95, 25, 10, 11, 48),
(2045, 20, 20, 59, 99, 96, 25, 10, 11, 48),
(2046, 10, 10, 21, 41, 97, 25, 10, 11, 48),
(2047, 18, 10, 26, 54, 98, 25, 10, 11, 48),
(2048, 20, 20, 47, 87, 99, 25, 10, 11, 48),
(2049, 20, 10, 14, 44, 100, 25, 10, 11, 48),
(2050, 20, 15, 45, 80, 101, 25, 10, 11, 48),
(2051, 20, 18, 51, 89, 102, 25, 10, 11, 48),
(2052, 20, 20, 57, 97, 103, 25, 10, 11, 48),
(2053, 18, 14, 44, 76, 104, 25, 10, 11, 48),
(2054, 20, 20, 58, 98, 106, 25, 10, 11, 48),
(2055, 18, 10, 28, 56, 108, 25, 10, 11, 48),
(2056, 15, 15, 33, 63, 109, 25, 10, 11, 48),
(2057, 18, 18, 42, 78, 93, 25, 10, 11, 48),
(2058, 20, 15, 54, 89, 192, 24, 10, 11, 48),
(2059, 10, 10, 11, 31, 193, 24, 10, 11, 48),
(2060, 20, 20, 33, 73, 194, 24, 10, 11, 48),
(2061, 10, 10, 13, 33, 196, 24, 10, 11, 48),
(2062, 20, 20, 60, 100, 197, 24, 10, 11, 48),
(2063, 10, 10, 40, 60, 198, 24, 10, 11, 48),
(2064, 15, 10, 38, 63, 199, 24, 10, 11, 48),
(2065, 10, 10, 11, 31, 200, 24, 10, 11, 48),
(2066, 10, 10, 60, 80, 202, 24, 10, 11, 48),
(2067, 10, 10, 34, 54, 203, 24, 10, 11, 48),
(2068, 10, 10, 28, 48, 204, 24, 10, 11, 48),
(2069, 15, 10, 14, 39, 205, 24, 10, 11, 48),
(2070, 15, 10, 44, 69, 206, 24, 10, 11, 48),
(2071, 15, 15, 44, 74, 207, 24, 10, 11, 48),
(2072, 10, 15, 48, 73, 209, 24, 10, 11, 48),
(2073, 20, 20, 45, 85, 210, 24, 10, 11, 48),
(2074, 20, 10, 50, 80, 211, 24, 10, 11, 48),
(2075, 10, 10, 50, 70, 212, 24, 10, 11, 48),
(2076, 10, 10, 10, 30, 213, 24, 10, 11, 48),
(2077, 10, 10, 19, 39, 214, 24, 10, 11, 48),
(2078, 10, 20, 26, 56, 215, 24, 10, 11, 48),
(2079, 15, 10, 40, 65, 216, 24, 10, 11, 48),
(2080, 20, 20, 37, 77, 217, 24, 10, 11, 48),
(2081, 15, 10, 46, 71, 219, 24, 10, 11, 48),
(2082, 20, 20, 23, 63, 220, 24, 10, 11, 48),
(2083, 20, 20, 20, 60, 221, 24, 10, 11, 48),
(2084, 20, 20, 48, 88, 222, 24, 10, 11, 48),
(2085, 15, 15, 51, 81, 223, 24, 10, 11, 48),
(2086, 20, 20, 17, 57, 225, 24, 10, 11, 48),
(2087, 20, 20, 59, 99, 226, 24, 10, 11, 48),
(2088, 20, 20, 54, 94, 227, 24, 10, 11, 48),
(2089, 20, 20, 39, 79, 228, 24, 10, 11, 48),
(2090, 10, 10, 13, 33, 229, 24, 10, 11, 48),
(2091, 10, 10, 11, 31, 230, 24, 10, 11, 48),
(2124, 20, 14, 30, 64, 132, 31, 10, 11, 54),
(2125, 20, 19, 34, 73, 133, 31, 10, 11, 54),
(2126, 20, 18, 25, 63, 134, 31, 10, 11, 54),
(2127, 20, 10, 25, 55, 136, 31, 10, 11, 54),
(2128, 20, 18, 20, 58, 137, 31, 10, 11, 54),
(2129, 20, 20, 32, 72, 152, 31, 10, 11, 54),
(2130, 20, 15, 25, 60, 153, 31, 10, 11, 54),
(2131, 20, 18, 28, 66, 154, 31, 10, 11, 54),
(2132, 5, 19, 30, 54, 260, 29, 10, 11, 52),
(2133, 2, 18, 20, 40, 262, 29, 10, 11, 52),
(2134, 6, 4, 42, 52, 263, 29, 10, 11, 52),
(2135, 9, 17, 32, 58, 264, 29, 10, 11, 52),
(2136, 13, 16, 50, 79, 265, 29, 10, 11, 52),
(2137, 12, 20, 45, 77, 266, 29, 10, 11, 52),
(2138, 15, 18, 55, 88, 268, 29, 10, 11, 52),
(2139, 8, 19, 35, 62, 269, 29, 10, 11, 52),
(2140, 5, 18, 50, 73, 270, 29, 10, 11, 52),
(2141, 15, 20, 60, 95, 271, 29, 10, 11, 52),
(2142, 10, 20, 45, 75, 272, 29, 10, 11, 52),
(2143, 8, 20, 40, 68, 273, 29, 10, 11, 52),
(2144, 3, 19, 40, 62, 275, 29, 10, 11, 52),
(2145, 15, 20, 50, 85, 276, 29, 10, 11, 52),
(2146, 7, 13, 20, 40, 277, 29, 10, 11, 52),
(2147, 7, 13, 20, 40, 278, 29, 10, 11, 52),
(2148, 6, 18, 47, 71, 279, 29, 10, 11, 52),
(2149, 12, 18, 54, 84, 280, 29, 10, 11, 52),
(2150, 11, 17, 50, 78, 282, 29, 10, 11, 52),
(2151, 20, 20, 57, 97, 283, 29, 10, 11, 52),
(2152, 10, 19, 50, 79, 284, 29, 10, 11, 52),
(2153, 20, 20, 58, 98, 285, 29, 10, 11, 52),
(2154, 18, 20, 40, 78, 286, 29, 10, 11, 52),
(2155, 7, 13, 30, 50, 288, 29, 10, 11, 52),
(2156, 10, 12, 32, 54, 287, 29, 10, 11, 52),
(2157, 3, 11, 47, 61, 289, 29, 10, 11, 52),
(2158, 10, 11, 40, 61, 290, 29, 10, 11, 52),
(2159, 2, 18, 20, 40, 291, 29, 10, 11, 52),
(2160, 3, 7, 10, 20, 281, 29, 10, 11, 52),
(2161, 17, 15, 41, 73, 256, 32, 10, 11, 33),
(2162, 14, 13, 34, 61, 259, 32, 10, 11, 33),
(2163, 19, 15, 41, 75, 258, 32, 10, 11, 33),
(2164, 17, 15, 35, 67, 255, 32, 10, 11, 33),
(2165, 18, 20, 19, 57, 257, 32, 10, 11, 33),
(2194, 20, 20, 36, 76, 232, 33, 10, 11, 33),
(2195, 19, 15, 27, 61, 233, 33, 10, 11, 33),
(2196, 20, 16, 36, 72, 234, 33, 10, 11, 33),
(2197, 19, 20, 50, 89, 235, 33, 10, 11, 33),
(2198, 19, 15, 56, 90, 236, 33, 10, 11, 33),
(2199, 17, 10, 45, 72, 237, 33, 10, 11, 33),
(2200, 20, 20, 53, 93, 245, 33, 10, 11, 33),
(2201, 10, 10, 35, 55, 238, 33, 10, 11, 33),
(2202, 18, 20, 50, 88, 239, 33, 10, 11, 33),
(2203, 20, 20, 53, 93, 240, 33, 10, 11, 33),
(2204, 19, 15, 33, 67, 242, 33, 10, 11, 33),
(2205, 18, 15, 45, 78, 243, 33, 10, 11, 33),
(2206, 18, 13, 47, 78, 244, 33, 10, 11, 33),
(2207, 20, 19, 48, 87, 247, 33, 10, 11, 33),
(2208, 10, 10, 40, 60, 248, 33, 10, 11, 33),
(2209, 19, 15, 51, 85, 249, 33, 10, 11, 33),
(2210, 19, 15, 33, 67, 251, 33, 10, 11, 33),
(2211, 18, 20, 49, 87, 252, 33, 10, 11, 33),
(2212, 20, 15, 49, 84, 253, 33, 10, 11, 33),
(2213, 20, 15, 43, 78, 254, 33, 10, 11, 33),
(2214, 20, 15, 51, 86, 250, 33, 10, 11, 33),
(2215, 18, 15, 52, 85, 246, 33, 10, 11, 33),
(2216, 16, 10, 13, 39, 132, 31, 10, 11, 33),
(2217, 19, 18, 29, 66, 133, 31, 10, 11, 33),
(2218, 18, 19, 41, 78, 134, 31, 10, 11, 33),
(2219, 16, 20, 46, 82, 135, 31, 10, 11, 33),
(2220, 15, 11, 3, 29, 136, 31, 10, 11, 33),
(2221, 15, 10, 19, 44, 137, 31, 10, 11, 33),
(2222, 16, 17, 30, 63, 152, 31, 10, 11, 33),
(2223, 15, 10, 11, 36, 153, 31, 10, 11, 33),
(2224, 16, 14, 38, 68, 154, 31, 10, 11, 33),
(2225, 16, 15, 45, 76, 155, 30, 10, 11, 33),
(2226, 18, 16, 22, 56, 156, 30, 10, 11, 33),
(2227, 20, 10, 29, 59, 157, 30, 10, 11, 33),
(2228, 18, 10, 43, 71, 158, 30, 10, 11, 33),
(2229, 16, 10, 49, 75, 160, 30, 10, 11, 33),
(2230, 20, 10, 27, 57, 161, 30, 10, 11, 33),
(2231, 19, 18, 47, 84, 162, 30, 10, 11, 33),
(2232, 15, 10, 38, 63, 163, 30, 10, 11, 33),
(2233, 18, 10, 48, 76, 165, 30, 10, 11, 33),
(2234, 14, 10, 45, 69, 166, 30, 10, 11, 33),
(2235, 15, 18, 32, 65, 167, 30, 10, 11, 33),
(2236, 16, 10, 27, 53, 168, 30, 10, 11, 33),
(2237, 20, 12, 44, 76, 169, 30, 10, 11, 33),
(2238, 19, 10, 42, 71, 170, 30, 10, 11, 33),
(2239, 19, 10, 33, 62, 172, 30, 10, 11, 33),
(2240, 20, 11, 20, 51, 173, 30, 10, 11, 33),
(2241, 19, 10, 23, 52, 174, 30, 10, 11, 33),
(2242, 16, 10, 15, 41, 175, 30, 10, 11, 33),
(2243, 18, 11, 41, 70, 176, 30, 10, 11, 33),
(2244, 19, 10, 33, 62, 177, 30, 10, 11, 33),
(2245, 17, 10, 10, 37, 178, 30, 10, 11, 33),
(2246, 20, 12, 32, 64, 179, 30, 10, 11, 33),
(2247, 16, 10, 32, 58, 180, 30, 10, 11, 33),
(2248, 20, 10, 50, 80, 181, 30, 10, 11, 33),
(2249, 19, 10, 11, 40, 182, 30, 10, 11, 33),
(2250, 18, 10, 51, 79, 183, 30, 10, 11, 33),
(2251, 17, 10, 33, 60, 184, 30, 10, 11, 33),
(2252, 20, 14, 53, 87, 185, 30, 10, 11, 33),
(2253, 20, 14, 57, 91, 186, 30, 10, 11, 33),
(2254, 18, 11, 32, 61, 187, 30, 10, 11, 33),
(2255, 17, 10, 32, 59, 188, 30, 10, 11, 33),
(2256, 14, 10, 30, 54, 189, 30, 10, 11, 33),
(2257, 19, 13, 50, 82, 190, 30, 10, 11, 33),
(2258, 20, 10, 21, 51, 191, 30, 10, 11, 33),
(2259, 14, 15, 33, 62, 69, 25, 10, 11, 52),
(2260, 9, 19, 41, 69, 70, 25, 10, 11, 52),
(2261, 20, 19, 55, 94, 71, 25, 10, 11, 52),
(2262, 13, 18, 37, 68, 72, 25, 10, 11, 52),
(2263, 10, 18, 34, 62, 74, 25, 10, 11, 52),
(2264, 5, 12, 29, 46, 75, 25, 10, 11, 52),
(2265, 5, 18, 16, 39, 76, 25, 10, 11, 52),
(2266, 8, 16, 15, 39, 77, 25, 10, 11, 52),
(2267, 20, 18, 49, 87, 78, 25, 10, 11, 52),
(2268, 2, 5, 13, 20, 79, 25, 10, 11, 52),
(2269, 18, 19, 37, 74, 80, 25, 10, 11, 52),
(2270, 10, 16, 33, 59, 81, 25, 10, 11, 52),
(2271, 8, 16, 30, 54, 83, 25, 10, 11, 52),
(2272, 10, 15, 39, 64, 84, 25, 10, 11, 52),
(2273, 5, 15, 34, 54, 85, 25, 10, 11, 52),
(2274, 9, 17, 37, 63, 87, 25, 10, 11, 52),
(2275, 18, 13, 40, 71, 88, 25, 10, 11, 52),
(2276, 13, 18, 35, 66, 90, 25, 10, 11, 52),
(2277, 12, 16, 45, 73, 91, 25, 10, 11, 52),
(2278, 14, 18, 22, 54, 92, 25, 10, 11, 52),
(2279, 19, 19, 36, 74, 94, 25, 10, 11, 52),
(2280, 6, 12, 46, 64, 95, 25, 10, 11, 52),
(2281, 19, 18, 57, 94, 96, 25, 10, 11, 52),
(2282, 3, 15, 13, 31, 97, 25, 10, 11, 52),
(2283, 18, 15, 30, 63, 99, 25, 10, 11, 52),
(2284, 5, 5, 14, 24, 100, 25, 10, 11, 52),
(2285, 18, 15, 51, 84, 101, 25, 10, 11, 52),
(2286, 10, 17, 34, 61, 102, 25, 10, 11, 52),
(2287, 10, 18, 39, 67, 103, 25, 10, 11, 52),
(2288, 5, 18, 33, 56, 104, 25, 10, 11, 52),
(2289, 19, 17, 45, 81, 106, 25, 10, 11, 52),
(2290, 11, 18, 31, 60, 107, 25, 10, 11, 52),
(2291, 5, 10, 27, 42, 108, 25, 10, 11, 52),
(2292, 5, 5, 29, 39, 109, 25, 10, 11, 52),
(2293, 12, 5, 29, 46, 93, 25, 10, 11, 52),
(2294, 14, 16, 36, 66, 301, 27, 10, 11, 50),
(2295, 5, 10, 5, 20, 293, 27, 10, 11, 50),
(2296, 16, 17, 26, 59, 304, 27, 10, 11, 50),
(2297, 5, 10, 11, 26, 305, 27, 10, 11, 50),
(2298, 15, 18, 48, 81, 299, 27, 10, 11, 50),
(2299, 18, 20, 50, 88, 298, 27, 10, 11, 50),
(2300, 5, 10, 26, 41, 297, 27, 10, 11, 50),
(2301, 18, 20, 53, 91, 296, 27, 10, 11, 50),
(2302, 14, 16, 53, 83, 295, 27, 10, 11, 50),
(2303, 14, 16, 42, 72, 311, 27, 10, 11, 50),
(2304, 17, 19, 56, 92, 310, 27, 10, 11, 50),
(2305, 5, 8, 25, 38, 309, 27, 10, 11, 50),
(2306, 9, 10, 18, 37, 313, 27, 10, 11, 50),
(2307, 16, 18, 19, 53, 303, 27, 10, 11, 50),
(2308, 13, 15, 29, 57, 300, 27, 10, 11, 50),
(2309, 14, 19, 53, 86, 306, 27, 10, 11, 50),
(2310, 15, 18, 18, 51, 292, 27, 10, 11, 50),
(2311, 12, 13, 38, 63, 312, 27, 10, 11, 50),
(2312, 10, 18, 22, 50, 302, 27, 10, 11, 50),
(2313, 15, 19, 49, 83, 323, 27, 10, 11, 50),
(2314, 7, 10, 16, 33, 294, 27, 10, 11, 50),
(2315, 5, 10, 12, 27, 325, 27, 10, 11, 50),
(2316, 10, 11, 26, 47, 319, 27, 10, 11, 50),
(2317, 8, 10, 50, 68, 320, 27, 10, 11, 50),
(2318, 14, 14, 55, 83, 322, 27, 10, 11, 50),
(2319, 10, 12, 31, 53, 324, 27, 10, 11, 50),
(2320, 5, 10, 15, 30, 314, 27, 10, 11, 50),
(2321, 15, 19, 48, 82, 317, 27, 10, 11, 50),
(2322, 5, 7, 11, 23, 326, 27, 10, 11, 50),
(2323, 8, 10, 24, 42, 327, 27, 10, 11, 50),
(2324, 14, 18, 48, 80, 321, 27, 10, 11, 50),
(2325, 10, 11, 49, 70, 318, 27, 10, 11, 50),
(2326, 15, 19, 50, 84, 315, 27, 10, 11, 50),
(2327, 12, 10, 46, 68, 155, 30, 10, 11, 30),
(2328, 11, 12, 32, 55, 156, 30, 10, 11, 30),
(2329, 9, 5, 28, 42, 157, 30, 10, 11, 30),
(2330, 5, 10, 34, 49, 158, 30, 10, 11, 30),
(2331, 5, 10, 30, 45, 159, 30, 10, 11, 30),
(2332, 13, 15, 35, 63, 160, 30, 10, 11, 30),
(2333, 5, 10, 40, 55, 161, 30, 10, 11, 30),
(2334, 10, 13, 35, 58, 162, 30, 10, 11, 30),
(2335, 20, 7, 43, 70, 163, 30, 10, 11, 30),
(2336, 10, 10, 40, 60, 164, 30, 10, 11, 30),
(2337, 12, 10, 50, 72, 165, 30, 10, 11, 30),
(2338, 20, 13, 30, 63, 166, 30, 10, 11, 30),
(2339, 10, 5, 27, 42, 167, 30, 10, 11, 30),
(2340, 20, 5, 32, 57, 168, 30, 10, 11, 30),
(2341, 9, 13, 40, 62, 169, 30, 10, 11, 30),
(2342, 5, 10, 36, 51, 171, 30, 10, 11, 30),
(2343, 5, 10, 40, 55, 173, 30, 10, 11, 30),
(2344, 20, 13, 38, 71, 174, 30, 10, 11, 30),
(2345, 10, 10, 37, 57, 175, 30, 10, 11, 30),
(2346, 13, 10, 32, 55, 176, 30, 10, 11, 30),
(2347, 20, 7, 35, 62, 177, 30, 10, 11, 30),
(2348, 10, 10, 30, 50, 178, 30, 10, 11, 30),
(2349, 10, 10, 40, 60, 179, 30, 10, 11, 30),
(2350, 7, 1, 25, 33, 180, 30, 10, 11, 30),
(2351, 11, 18, 50, 79, 181, 30, 10, 11, 30),
(2352, 5, 5, 41, 51, 182, 30, 10, 11, 30),
(2353, 4, 10, 40, 54, 183, 30, 10, 11, 30),
(2354, 4, 5, 24, 33, 184, 30, 10, 11, 30),
(2355, 13, 16, 52, 81, 185, 30, 10, 11, 30),
(2356, 14, 16, 58, 88, 186, 30, 10, 11, 30),
(2357, 2, 10, 41, 53, 187, 30, 10, 11, 30),
(2358, 1, 2, 30, 33, 188, 30, 10, 11, 30),
(2359, 10, 10, 15, 35, 189, 30, 10, 11, 30),
(2360, 2, 5, 42, 49, 190, 30, 10, 11, 30),
(2361, 4, 7, 33, 44, 191, 30, 10, 11, 30),
(2395, 20, 10, 37, 67, 132, 31, 10, 11, 30),
(2396, 11, 15, 48, 74, 133, 31, 10, 11, 30),
(2397, 16, 14, 42, 72, 134, 31, 10, 11, 30),
(2398, 18, 13, 53, 84, 135, 31, 10, 11, 30),
(2399, 17, 10, 32, 59, 136, 31, 10, 11, 30),
(2400, 11, 11, 37, 59, 137, 31, 10, 11, 30),
(2401, 10, 10, 30, 50, 152, 31, 10, 11, 30),
(2402, 1, 12, 23, 36, 153, 31, 10, 11, 30),
(2403, 10, 7, 26, 43, 154, 31, 10, 11, 30),
(2404, 10, 10, 10, 30, 232, 33, 10, 11, 62),
(2405, 10, 12, 22, 44, 233, 33, 10, 11, 62),
(2406, 10, 10, 20, 40, 234, 33, 10, 11, 62),
(2407, 5, 20, 41, 66, 235, 33, 10, 11, 62),
(2408, 10, 11, 21, 42, 236, 33, 10, 11, 62),
(2409, 16, 18, 59, 93, 237, 33, 10, 11, 62),
(2410, 16, 10, 50, 76, 245, 33, 10, 11, 62),
(2411, 10, 10, 26, 46, 238, 33, 10, 11, 62),
(2412, 10, 12, 55, 77, 239, 33, 10, 11, 62),
(2413, 15, 20, 53, 88, 240, 33, 10, 11, 62),
(2414, 13, 14, 38, 65, 241, 33, 10, 11, 62),
(2415, 10, 17, 51, 78, 242, 33, 10, 11, 62),
(2416, 10, 12, 49, 71, 243, 33, 10, 11, 62),
(2417, 8, 11, 49, 68, 244, 33, 10, 11, 62),
(2418, 10, 10, 19, 39, 247, 33, 10, 11, 62),
(2419, 10, 10, 11, 31, 248, 33, 10, 11, 62),
(2420, 8, 11, 20, 39, 249, 33, 10, 11, 62),
(2421, 10, 11, 14, 35, 251, 33, 10, 11, 62),
(2422, 10, 10, 12, 32, 252, 33, 10, 11, 62),
(2423, 10, 11, 15, 36, 253, 33, 10, 11, 62),
(2424, 10, 11, 26, 47, 254, 33, 10, 11, 62),
(2425, 10, 10, 30, 50, 250, 33, 10, 11, 62),
(2426, 10, 16, 31, 57, 246, 33, 10, 11, 62),
(2427, 16, 20, 21, 57, 155, 30, 10, 11, 62),
(2428, 17, 16, 7, 40, 156, 30, 10, 11, 62),
(2429, 18, 18, 20, 56, 157, 30, 10, 11, 62),
(2430, 10, 20, 20, 50, 158, 30, 10, 11, 62),
(2431, 10, 8, 20, 38, 161, 30, 10, 11, 62),
(2432, 10, 16, 20, 46, 162, 30, 10, 11, 62),
(2433, 10, 10, 16, 36, 164, 30, 10, 11, 62),
(2434, 8, 18, 30, 56, 165, 30, 10, 11, 62),
(2435, 10, 8, 23, 41, 166, 30, 10, 11, 62),
(2436, 10, 6, 30, 46, 167, 30, 10, 11, 62),
(2437, 10, 18, 20, 48, 168, 30, 10, 11, 62),
(2438, 8, 16, 21, 45, 169, 30, 10, 11, 62),
(2439, 12, 6, 25, 43, 171, 30, 10, 11, 62),
(2440, 6, 10, 7, 23, 173, 30, 10, 11, 62),
(2441, 14, 18, 24, 56, 174, 30, 10, 11, 62),
(2442, 10, 18, 17, 45, 175, 30, 10, 11, 62),
(2443, 10, 8, 10, 28, 176, 30, 10, 11, 62),
(2444, 10, 20, 20, 50, 177, 30, 10, 11, 62),
(2445, 10, 8, 21, 39, 178, 30, 10, 11, 62),
(2446, 6, 16, 25, 47, 179, 30, 10, 11, 62),
(2447, 8, 18, 17, 43, 180, 30, 10, 11, 62),
(2448, 13, 18, 25, 56, 182, 30, 10, 11, 62),
(2449, 10, 10, 23, 43, 183, 30, 10, 11, 62),
(2450, 14, 10, 20, 44, 184, 30, 10, 11, 62),
(2451, 10, 20, 30, 60, 185, 30, 10, 11, 62),
(2452, 20, 20, 53, 93, 186, 30, 10, 11, 62),
(2453, 10, 10, 25, 45, 187, 30, 10, 11, 62),
(2454, 10, 8, 30, 48, 188, 30, 10, 11, 62),
(2455, 9, 10, 15, 34, 189, 30, 10, 11, 62),
(2456, 10, 10, 23, 43, 190, 30, 10, 11, 62),
(2457, 8, 8, 17, 33, 191, 30, 10, 11, 62),
(2458, 10, 18, 15, 43, 163, 30, 10, 11, 62),
(2492, 15, 18, 40, 73, 192, 24, 10, 11, 46),
(2493, 5, 5, 8, 18, 193, 24, 10, 11, 46),
(2494, 13, 19, 28, 60, 194, 24, 10, 11, 46),
(2495, 5, 8, 8, 21, 195, 24, 10, 11, 46),
(2496, 5, 7, 12, 24, 196, 24, 10, 11, 46),
(2497, 20, 19, 49, 88, 197, 24, 10, 11, 46),
(2498, 9, 5, 37, 51, 198, 24, 10, 11, 46),
(2499, 7, 16, 34, 57, 199, 24, 10, 11, 46),
(2500, 5, 5, 3, 13, 200, 24, 10, 11, 46),
(2501, 5, 3, 19, 27, 201, 24, 10, 11, 46),
(2502, 15, 17, 57, 89, 202, 24, 10, 11, 46),
(2503, 15, 10, 36, 61, 203, 24, 10, 11, 46),
(2504, 5, 13, 35, 53, 204, 24, 10, 11, 46),
(2505, 5, 12, 20, 37, 205, 24, 10, 11, 46),
(2506, 17, 18, 59, 94, 206, 24, 10, 11, 46),
(2507, 20, 5, 39, 64, 207, 24, 10, 11, 46),
(2508, 3, 9, 13, 25, 209, 24, 10, 11, 46),
(2509, 15, 18, 47, 80, 210, 24, 10, 11, 46),
(2510, 20, 17, 51, 88, 211, 24, 10, 11, 46),
(2511, 13, 13, 14, 40, 212, 24, 10, 11, 46),
(2512, 5, 5, 6, 16, 213, 24, 10, 11, 46),
(2513, 15, 16, 29, 60, 214, 24, 10, 11, 46),
(2514, 10, 13, 34, 57, 215, 24, 10, 11, 46),
(2515, 18, 19, 41, 78, 216, 24, 10, 11, 46),
(2516, 5, 17, 37, 59, 217, 24, 10, 11, 46),
(2517, 5, 17, 46, 68, 218, 24, 10, 11, 46),
(2518, 8, 18, 31, 57, 219, 24, 10, 11, 46),
(2519, 10, 14, 42, 66, 220, 24, 10, 11, 46),
(2520, 15, 15, 29, 59, 221, 24, 10, 11, 46),
(2521, 15, 19, 32, 66, 223, 24, 10, 11, 46),
(2522, 8, 17, 34, 59, 225, 24, 10, 11, 46),
(2523, 17, 19, 39, 75, 226, 24, 10, 11, 46),
(2524, 20, 18, 38, 76, 227, 24, 10, 11, 46),
(2525, 4, 18, 39, 61, 228, 24, 10, 11, 46),
(2526, 3, 9, 5, 17, 229, 24, 10, 11, 46),
(2527, 15, 15, 35, 65, 230, 24, 10, 11, 46),
(2528, 10, 18, 42, 70, 301, 27, 10, 11, 46),
(2529, 5, 18, 31, 54, 304, 27, 10, 11, 46),
(2530, 7, 18, 17, 42, 305, 27, 10, 11, 46),
(2531, 17, 18, 42, 77, 299, 27, 10, 11, 46),
(2532, 13, 18, 32, 63, 298, 27, 10, 11, 46),
(2533, 13, 5, 13, 31, 297, 27, 10, 11, 46),
(2534, 13, 18, 31, 62, 296, 27, 10, 11, 46),
(2535, 8, 17, 43, 68, 295, 27, 10, 11, 46),
(2536, 6, 18, 36, 60, 311, 27, 10, 11, 46),
(2537, 12, 18, 56, 86, 310, 27, 10, 11, 46),
(2538, 5, 5, 11, 21, 309, 27, 10, 11, 46),
(2539, 5, 13, 18, 36, 313, 27, 10, 11, 46),
(2540, 14, 17, 40, 71, 303, 27, 10, 11, 46),
(2541, 5, 8, 13, 26, 300, 27, 10, 11, 46),
(2542, 15, 17, 36, 68, 306, 27, 10, 11, 46),
(2543, 5, 15, 41, 61, 292, 27, 10, 11, 46),
(2544, 10, 5, 35, 50, 312, 27, 10, 11, 46),
(2545, 13, 5, 30, 48, 302, 27, 10, 11, 46),
(2546, 18, 18, 26, 62, 323, 27, 10, 11, 46),
(2547, 5, 18, 15, 38, 325, 27, 10, 11, 46),
(2548, 5, 17, 16, 38, 319, 27, 10, 11, 46),
(2549, 1, 16, 42, 59, 320, 27, 10, 11, 46),
(2550, 15, 18, 34, 67, 322, 27, 10, 11, 46),
(2551, 11, 5, 18, 34, 324, 27, 10, 11, 46),
(2552, 3, 15, 17, 35, 314, 27, 10, 11, 46),
(2553, 18, 18, 32, 68, 317, 27, 10, 11, 46),
(2554, 2, 18, 20, 40, 326, 27, 10, 11, 46),
(2555, 13, 5, 11, 29, 327, 27, 10, 11, 46),
(2556, 12, 5, 28, 45, 321, 27, 10, 11, 46),
(2557, 3, 5, 21, 29, 318, 27, 10, 11, 46),
(2558, 16, 18, 34, 68, 315, 27, 10, 11, 46),
(2559, 11, 13, 22, 46, 301, 27, 10, 11, 27),
(2560, 6, 3, 14, 23, 293, 27, 10, 11, 27),
(2561, 10, 19, 14, 43, 304, 27, 10, 11, 27),
(2562, 12, 15, 21, 48, 305, 27, 10, 11, 27),
(2563, 12, 7, 34, 53, 299, 27, 10, 11, 27),
(2564, 12, 19, 45, 76, 298, 27, 10, 11, 27),
(2565, 8, 10, 14, 32, 297, 27, 10, 11, 27),
(2566, 11, 16, 38, 65, 296, 27, 10, 11, 27),
(2567, 12, 16, 29, 57, 295, 27, 10, 11, 27),
(2568, 11, 16, 24, 51, 311, 27, 10, 11, 27),
(2569, 8, 16, 30, 54, 310, 27, 10, 11, 27),
(2570, 7, 5, 15, 27, 309, 27, 10, 11, 27),
(2571, 8, 2, 10, 20, 313, 27, 10, 11, 27),
(2572, 9, 7, 18, 34, 303, 27, 10, 11, 27),
(2573, 9, 7, 20, 36, 300, 27, 10, 11, 27),
(2574, 12, 8, 47, 67, 306, 27, 10, 11, 27),
(2575, 5, 7, 12, 24, 292, 27, 10, 11, 27),
(2576, 9, 15, 28, 52, 312, 27, 10, 11, 27),
(2577, 4, 13, 22, 39, 294, 27, 10, 11, 27),
(2578, 12, 12, 21, 45, 302, 27, 10, 11, 27),
(2579, 9, 12, 33, 54, 323, 27, 10, 11, 27),
(2580, 6, 2, 14, 22, 325, 27, 10, 11, 27),
(2581, 7, 9, 25, 41, 319, 27, 10, 11, 27),
(2582, 8, 13, 19, 40, 320, 27, 10, 11, 27),
(2583, 9, 13, 36, 58, 322, 27, 10, 11, 27),
(2584, 8, 17, 35, 60, 324, 27, 10, 11, 27),
(2585, 9, 10, 11, 30, 314, 27, 10, 11, 27),
(2586, 9, 11, 37, 57, 317, 27, 10, 11, 27),
(2587, 3, 1, 20, 24, 326, 27, 10, 11, 27),
(2588, 3, 13, 12, 28, 327, 27, 10, 11, 27),
(2589, 17, 18, 34, 69, 321, 27, 10, 11, 27),
(2590, 6, 4, 14, 24, 318, 27, 10, 11, 27),
(2591, 11, 18, 36, 65, 315, 27, 10, 11, 27),
(2592, 5, 15, 40, 60, 69, 25, 10, 11, 27),
(2593, 3, 10, 20, 33, 70, 25, 10, 11, 27),
(2594, 15, 18, 56, 89, 71, 25, 10, 11, 27),
(2595, 9, 14, 34, 57, 72, 25, 10, 11, 27),
(2596, 19, 17, 49, 85, 73, 25, 10, 11, 27),
(2597, 10, 17, 33, 60, 74, 25, 10, 11, 27),
(2598, 10, 17, 33, 60, 75, 25, 10, 11, 27),
(2599, 1, 10, 12, 23, 76, 25, 10, 11, 27),
(2600, 1, 9, 9, 19, 77, 25, 10, 11, 27),
(2601, 10, 20, 44, 74, 78, 25, 10, 11, 27),
(2602, 1, 13, 15, 29, 79, 25, 10, 11, 27),
(2603, 13, 14, 44, 71, 80, 25, 10, 11, 27),
(2604, 10, 17, 22, 49, 81, 25, 10, 11, 27),
(2605, 11, 16, 48, 75, 82, 25, 10, 11, 27),
(2606, 1, 10, 14, 25, 83, 25, 10, 11, 27),
(2607, 15, 20, 52, 87, 84, 25, 10, 11, 27),
(2608, 6, 10, 22, 38, 85, 25, 10, 11, 27),
(2609, 1, 16, 29, 46, 87, 25, 10, 11, 27),
(2610, 5, 16, 39, 60, 88, 25, 10, 11, 27),
(2611, 5, 13, 32, 50, 89, 25, 10, 11, 27),
(2612, 4, 14, 34, 52, 86, 25, 10, 11, 27),
(2613, 1, 15, 38, 54, 91, 25, 10, 11, 27),
(2614, 4, 16, 28, 48, 92, 25, 10, 11, 27),
(2615, 15, 20, 44, 79, 94, 25, 10, 11, 27),
(2616, 15, 15, 36, 66, 95, 25, 10, 11, 27),
(2617, 17, 20, 58, 95, 96, 25, 10, 11, 27),
(2618, 3, 14, 10, 27, 97, 25, 10, 11, 27),
(2619, 1, 14, 20, 35, 98, 25, 10, 11, 27),
(2620, 4, 15, 39, 58, 99, 25, 10, 11, 27),
(2621, 6, 7, 10, 23, 100, 25, 10, 11, 27),
(2622, 9, 16, 38, 63, 101, 25, 10, 11, 27),
(2623, 7, 12, 22, 41, 102, 25, 10, 11, 27),
(2624, 6, 20, 26, 52, 103, 25, 10, 11, 27),
(2625, 5, 19, 26, 50, 104, 25, 10, 11, 27),
(2626, 15, 20, 48, 83, 106, 25, 10, 11, 27),
(2627, 1, 16, 15, 32, 107, 25, 10, 11, 27),
(2628, 2, 13, 25, 40, 108, 25, 10, 11, 27),
(2629, 4, 6, 24, 34, 109, 25, 10, 11, 27),
(2630, 3, 12, 36, 51, 93, 25, 10, 11, 27),
(2631, 1, 15, 13, 29, 90, 25, 10, 11, 27),
(2632, 8, 6, 10, 24, 110, 25, 10, 11, 27),
(2633, 7, 15, 51, 73, 192, 24, 10, 11, 27),
(2634, 1, 5, 17, 23, 193, 24, 10, 11, 27),
(2635, 5, 17, 33, 55, 194, 24, 10, 11, 27),
(2636, 2, 10, 12, 24, 195, 24, 10, 11, 27),
(2637, 3, 9, 18, 30, 196, 24, 10, 11, 27);
INSERT INTO `scores` (`id`, `First_CA`, `Second_CA`, `Exam`, `Total_Score`, `Students_id`, `Students_Classess_id`, `Terms_id`, `Terms_Years_id`, `Subjects_id`) VALUES
(2638, 18, 20, 56, 94, 197, 24, 10, 11, 27),
(2639, 9, 14, 38, 61, 198, 24, 10, 11, 27),
(2640, 4, 13, 38, 55, 199, 24, 10, 11, 27),
(2641, 3, 2, 8, 13, 200, 24, 10, 11, 27),
(2642, 17, 18, 55, 90, 202, 24, 10, 11, 27),
(2643, 3, 14, 17, 34, 203, 24, 10, 11, 27),
(2644, 1, 9, 10, 20, 204, 24, 10, 11, 27),
(2645, 3, 3, 15, 21, 205, 24, 10, 11, 27),
(2646, 14, 17, 48, 79, 206, 24, 10, 11, 27),
(2647, 7, 15, 48, 70, 207, 24, 10, 11, 27),
(2648, 3, 12, 28, 43, 209, 24, 10, 11, 27),
(2649, 16, 14, 40, 70, 210, 24, 10, 11, 27),
(2650, 12, 19, 47, 78, 211, 24, 10, 11, 27),
(2651, 8, 14, 34, 56, 212, 24, 10, 11, 27),
(2652, 3, 5, 9, 17, 213, 24, 10, 11, 27),
(2653, 6, 13, 17, 36, 214, 24, 10, 11, 27),
(2654, 9, 15, 12, 36, 215, 24, 10, 11, 27),
(2655, 8, 16, 27, 51, 216, 24, 10, 11, 27),
(2656, 5, 15, 26, 46, 217, 24, 10, 11, 27),
(2657, 6, 14, 28, 48, 219, 24, 10, 11, 27),
(2658, 1, 16, 14, 31, 220, 24, 10, 11, 27),
(2659, 9, 6, 21, 36, 221, 24, 10, 11, 27),
(2660, 10, 19, 25, 54, 222, 24, 10, 11, 27),
(2661, 7, 8, 25, 40, 223, 24, 10, 11, 27),
(2662, 1, 15, 13, 29, 225, 24, 10, 11, 27),
(2663, 15, 20, 54, 89, 226, 24, 10, 11, 27),
(2664, 13, 19, 48, 80, 227, 24, 10, 11, 27),
(2665, 3, 8, 26, 37, 228, 24, 10, 11, 27),
(2666, 3, 12, 10, 25, 229, 24, 10, 11, 27),
(2667, 1, 9, 9, 19, 230, 24, 10, 11, 27),
(2668, 13, 20, 57, 90, 30, 26, 10, 11, 27),
(2669, 13, 20, 55, 88, 31, 26, 10, 11, 27),
(2670, 6, 12, 28, 46, 32, 26, 10, 11, 27),
(2671, 16, 20, 51, 87, 43, 26, 10, 11, 27),
(2672, 15, 14, 46, 75, 34, 26, 10, 11, 27),
(2673, 12, 20, 50, 82, 35, 26, 10, 11, 27),
(2674, 15, 16, 54, 85, 36, 26, 10, 11, 27),
(2675, 3, 5, 14, 22, 37, 26, 10, 11, 27),
(2676, 17, 18, 52, 87, 38, 26, 10, 11, 27),
(2677, 14, 15, 47, 76, 39, 26, 10, 11, 27),
(2678, 15, 20, 58, 93, 40, 26, 10, 11, 27),
(2679, 2, 5, 13, 20, 42, 26, 10, 11, 27),
(2680, 3, 8, 13, 24, 45, 26, 10, 11, 27),
(2681, 3, 10, 10, 23, 46, 26, 10, 11, 27),
(2682, 2, 5, 10, 17, 47, 26, 10, 11, 27),
(2683, 3, 13, 9, 25, 50, 26, 10, 11, 27),
(2684, 6, 16, 34, 56, 51, 26, 10, 11, 27),
(2685, 3, 18, 28, 49, 52, 26, 10, 11, 27),
(2686, 11, 16, 55, 82, 53, 26, 10, 11, 27),
(2687, 10, 10, 50, 70, 54, 26, 10, 11, 27),
(2688, 3, 12, 13, 28, 55, 26, 10, 11, 27),
(2689, 4, 14, 23, 41, 56, 26, 10, 11, 27),
(2690, 4, 7, 42, 53, 57, 26, 10, 11, 27),
(2691, 3, 12, 11, 26, 58, 26, 10, 11, 27),
(2692, 9, 18, 35, 62, 59, 26, 10, 11, 27),
(2693, 11, 15, 26, 52, 60, 26, 10, 11, 27),
(2694, 8, 15, 22, 45, 61, 26, 10, 11, 27),
(2695, 12, 18, 46, 76, 62, 26, 10, 11, 27),
(2696, 12, 20, 54, 86, 63, 26, 10, 11, 27),
(2697, 5, 17, 39, 61, 64, 26, 10, 11, 27),
(2698, 12, 13, 46, 71, 65, 26, 10, 11, 27),
(2699, 5, 20, 36, 61, 66, 26, 10, 11, 27),
(2700, 11, 15, 23, 49, 67, 26, 10, 11, 27),
(2701, 15, 17, 58, 90, 44, 26, 10, 11, 27),
(2702, 16, 15, 56, 87, 301, 27, 10, 11, 52),
(2703, 2, 13, 20, 35, 293, 27, 10, 11, 52),
(2704, 4, 14, 44, 62, 304, 27, 10, 11, 52),
(2705, 5, 10, 25, 40, 305, 27, 10, 11, 52),
(2706, 15, 18, 50, 83, 299, 27, 10, 11, 52),
(2707, 14, 19, 55, 88, 298, 27, 10, 11, 52),
(2708, 5, 8, 29, 42, 297, 27, 10, 11, 52),
(2709, 16, 17, 52, 85, 296, 27, 10, 11, 52),
(2710, 14, 19, 51, 84, 295, 27, 10, 11, 52),
(2711, 16, 17, 53, 86, 311, 27, 10, 11, 52),
(2712, 8, 14, 28, 50, 310, 27, 10, 11, 52),
(2713, 8, 5, 35, 48, 309, 27, 10, 11, 52),
(2714, 6, 14, 30, 50, 313, 27, 10, 11, 52),
(2715, 2, 11, 33, 46, 303, 27, 10, 11, 52),
(2716, 9, 15, 36, 60, 300, 27, 10, 11, 52),
(2717, 15, 18, 54, 87, 306, 27, 10, 11, 52),
(2718, 7, 16, 40, 63, 292, 27, 10, 11, 52),
(2719, 17, 20, 42, 79, 312, 27, 10, 11, 52),
(2720, 5, 5, 30, 40, 294, 27, 10, 11, 52),
(2721, 14, 19, 52, 85, 302, 27, 10, 11, 52),
(2722, 15, 20, 36, 71, 323, 27, 10, 11, 52),
(2723, 6, 13, 24, 43, 325, 27, 10, 11, 52),
(2724, 7, 9, 41, 57, 320, 27, 10, 11, 52),
(2725, 20, 19, 52, 91, 322, 27, 10, 11, 52),
(2726, 15, 17, 47, 79, 324, 27, 10, 11, 52),
(2727, 5, 11, 34, 50, 314, 27, 10, 11, 52),
(2728, 17, 19, 55, 91, 317, 27, 10, 11, 52),
(2729, 3, 16, 24, 43, 326, 27, 10, 11, 52),
(2730, 6, 10, 30, 46, 327, 27, 10, 11, 52),
(2731, 15, 20, 47, 82, 321, 27, 10, 11, 52),
(2732, 6, 10, 34, 50, 318, 27, 10, 11, 52),
(2733, 15, 20, 54, 89, 315, 27, 10, 11, 52),
(2734, 10, 13, 16, 39, 1, 28, 10, 11, 50),
(2735, 10, 12, 51, 73, 2, 28, 10, 11, 50),
(2736, 12, 14, 40, 66, 3, 28, 10, 11, 50),
(2737, 12, 15, 55, 82, 4, 28, 10, 11, 50),
(2738, 10, 13, 13, 36, 5, 28, 10, 11, 50),
(2739, 19, 18, 47, 84, 6, 28, 10, 11, 50),
(2740, 5, 10, 9, 24, 7, 28, 10, 11, 50),
(2741, 10, 15, 30, 55, 8, 28, 10, 11, 50),
(2742, 2, 10, 11, 23, 9, 28, 10, 11, 50),
(2743, 13, 12, 15, 40, 10, 28, 10, 11, 50),
(2744, 5, 10, 17, 32, 11, 28, 10, 11, 50),
(2745, 12, 15, 32, 59, 13, 28, 10, 11, 50),
(2746, 19, 18, 56, 93, 14, 28, 10, 11, 50),
(2747, 17, 16, 53, 86, 18, 28, 10, 11, 50),
(2748, 12, 16, 38, 66, 15, 28, 10, 11, 50),
(2749, 5, 8, 18, 31, 16, 28, 10, 11, 50),
(2750, 10, 13, 30, 53, 17, 28, 10, 11, 50),
(2751, 13, 16, 35, 64, 12, 28, 10, 11, 50),
(2752, 14, 16, 48, 78, 19, 28, 10, 11, 50),
(2753, 13, 17, 52, 82, 20, 28, 10, 11, 50),
(2754, 10, 15, 41, 66, 21, 28, 10, 11, 50),
(2755, 8, 14, 52, 74, 22, 28, 10, 11, 50),
(2756, 10, 16, 32, 58, 29, 28, 10, 11, 50),
(2757, 10, 15, 39, 64, 23, 28, 10, 11, 50),
(2758, 12, 16, 42, 70, 24, 28, 10, 11, 50),
(2759, 13, 16, 38, 67, 25, 28, 10, 11, 50),
(2760, 6, 13, 40, 59, 26, 28, 10, 11, 50),
(2761, 12, 15, 49, 76, 27, 28, 10, 11, 50),
(2762, 12, 14, 49, 75, 28, 28, 10, 11, 50),
(2763, 10, 7, 25, 42, 1, 28, 10, 11, 52),
(2764, 19, 20, 40, 79, 2, 28, 10, 11, 52),
(2765, 5, 6, 20, 31, 3, 28, 10, 11, 52),
(2766, 8, 19, 40, 67, 4, 28, 10, 11, 52),
(2767, 15, 10, 20, 45, 5, 28, 10, 11, 52),
(2768, 20, 15, 54, 89, 6, 28, 10, 11, 52),
(2769, 15, 15, 10, 40, 7, 28, 10, 11, 52),
(2770, 9, 8, 30, 47, 8, 28, 10, 11, 52),
(2771, 10, 12, 20, 42, 9, 28, 10, 11, 52),
(2772, 8, 2, 40, 50, 10, 28, 10, 11, 52),
(2773, 14, 5, 21, 40, 11, 28, 10, 11, 52),
(2774, 10, 20, 37, 67, 13, 28, 10, 11, 52),
(2775, 20, 20, 58, 98, 14, 28, 10, 11, 52),
(2776, 19, 20, 55, 94, 18, 28, 10, 11, 52),
(2777, 10, 2, 40, 52, 15, 28, 10, 11, 52),
(2778, 10, 17, 35, 62, 16, 28, 10, 11, 52),
(2779, 6, 19, 25, 50, 17, 28, 10, 11, 52),
(2780, 9, 20, 45, 74, 12, 28, 10, 11, 52),
(2781, 19, 20, 46, 85, 19, 28, 10, 11, 52),
(2782, 11, 19, 45, 75, 20, 28, 10, 11, 52),
(2783, 16, 19, 50, 85, 21, 28, 10, 11, 52),
(2784, 14, 20, 46, 80, 22, 28, 10, 11, 52),
(2785, 7, 19, 44, 70, 29, 28, 10, 11, 52),
(2786, 15, 20, 47, 82, 23, 28, 10, 11, 52),
(2787, 12, 19, 44, 75, 24, 28, 10, 11, 52),
(2788, 16, 20, 47, 83, 25, 28, 10, 11, 52),
(2789, 9, 18, 41, 68, 26, 28, 10, 11, 52),
(2790, 12, 20, 45, 77, 27, 28, 10, 11, 52),
(2791, 16, 20, 50, 86, 28, 28, 10, 11, 52),
(2794, 16, 19, 31, 66, 155, 30, 10, 11, 32),
(2795, 16, 20, 48, 84, 156, 30, 10, 11, 32),
(2796, 16, 19, 37, 72, 157, 30, 10, 11, 32),
(2797, 14, 19, 32, 65, 158, 30, 10, 11, 32),
(2798, 16, 17, 36, 69, 159, 30, 10, 11, 32),
(2799, 16, 20, 45, 81, 160, 30, 10, 11, 32),
(2800, 16, 16, 44, 76, 161, 30, 10, 11, 32),
(2801, 19, 18, 32, 69, 162, 30, 10, 11, 32),
(2802, 16, 19, 39, 74, 163, 30, 10, 11, 32),
(2803, 16, 12, 34, 62, 164, 30, 10, 11, 32),
(2804, 16, 12, 42, 70, 165, 30, 10, 11, 32),
(2805, 16, 17, 34, 67, 166, 30, 10, 11, 32),
(2806, 16, 16, 34, 66, 167, 30, 10, 11, 32),
(2807, 12, 20, 26, 58, 168, 30, 10, 11, 32),
(2808, 16, 17, 37, 70, 169, 30, 10, 11, 32),
(2809, 14, 19, 42, 75, 170, 30, 10, 11, 32),
(2810, 16, 12, 14, 42, 171, 30, 10, 11, 32),
(2811, 14, 10, 41, 65, 172, 30, 10, 11, 32),
(2812, 18, 15, 29, 62, 173, 30, 10, 11, 32),
(2813, 14, 12, 34, 60, 174, 30, 10, 11, 32),
(2814, 16, 17, 32, 65, 175, 30, 10, 11, 32),
(2815, 16, 18, 32, 66, 176, 30, 10, 11, 32),
(2816, 16, 15, 43, 74, 177, 30, 10, 11, 32),
(2817, 6, 8, 28, 42, 178, 30, 10, 11, 32),
(2818, 16, 14, 22, 52, 179, 30, 10, 11, 32),
(2819, 14, 12, 28, 54, 180, 30, 10, 11, 32),
(2820, 14, 20, 57, 91, 181, 30, 10, 11, 32),
(2821, 14, 15, 33, 62, 182, 30, 10, 11, 32),
(2822, 14, 15, 32, 61, 183, 30, 10, 11, 32),
(2823, 14, 16, 23, 53, 184, 30, 10, 11, 32),
(2824, 16, 19, 56, 91, 185, 30, 10, 11, 32),
(2825, 16, 18, 55, 89, 186, 30, 10, 11, 32),
(2826, 6, 18, 39, 63, 187, 30, 10, 11, 32),
(2827, 12, 14, 20, 46, 188, 30, 10, 11, 32),
(2828, 12, 15, 29, 56, 189, 30, 10, 11, 32),
(2829, 10, 18, 33, 61, 190, 30, 10, 11, 32),
(2830, 18, 19, 23, 60, 191, 30, 10, 11, 32),
(2831, 5, 5, 16, 26, 1, 28, 10, 11, 46),
(2832, 5, 5, 33, 43, 2, 28, 10, 11, 46),
(2833, 10, 5, 13, 28, 3, 28, 10, 11, 46),
(2834, 9, 15, 20, 44, 4, 28, 10, 11, 46),
(2835, 5, 9, 19, 33, 5, 28, 10, 11, 46),
(2836, 5, 18, 52, 75, 6, 28, 10, 11, 46),
(2837, 1, 5, 8, 14, 7, 28, 10, 11, 46),
(2838, 5, 12, 25, 42, 8, 28, 10, 11, 46),
(2839, 5, 18, 25, 48, 10, 28, 10, 11, 46),
(2840, 12, 9, 23, 44, 13, 28, 10, 11, 46),
(2841, 15, 18, 35, 68, 18, 28, 10, 11, 46),
(2842, 12, 15, 42, 69, 15, 28, 10, 11, 46),
(2843, 5, 5, 25, 35, 16, 28, 10, 11, 46),
(2844, 5, 5, 17, 27, 17, 28, 10, 11, 46),
(2845, 13, 18, 15, 46, 19, 28, 10, 11, 46),
(2846, 5, 18, 24, 47, 20, 28, 10, 11, 46),
(2847, 5, 18, 35, 58, 21, 28, 10, 11, 46),
(2848, 10, 18, 26, 54, 22, 28, 10, 11, 46),
(2849, 10, 15, 29, 54, 29, 28, 10, 11, 46),
(2850, 9, 18, 35, 62, 23, 28, 10, 11, 46),
(2851, 9, 18, 24, 51, 24, 28, 10, 11, 46),
(2852, 14, 18, 22, 54, 25, 28, 10, 11, 46),
(2853, 3, 18, 22, 43, 27, 28, 10, 11, 46),
(2854, 9, 18, 34, 61, 28, 28, 10, 11, 46),
(2855, 12, 15, 30, 57, 30, 26, 10, 11, 46),
(2856, 5, 5, 14, 24, 32, 26, 10, 11, 46),
(2857, 19, 19, 46, 84, 33, 26, 10, 11, 46),
(2858, 19, 11, 51, 81, 34, 26, 10, 11, 46),
(2859, 16, 20, 51, 87, 35, 26, 10, 11, 46),
(2860, 20, 19, 42, 81, 36, 26, 10, 11, 46),
(2861, 3, 5, 8, 16, 37, 26, 10, 11, 46),
(2862, 17, 5, 46, 68, 38, 26, 10, 11, 46),
(2863, 12, 17, 39, 68, 39, 26, 10, 11, 46),
(2864, 17, 17, 43, 77, 40, 26, 10, 11, 46),
(2865, 15, 3, 24, 42, 42, 26, 10, 11, 46),
(2866, 1, 10, 36, 47, 43, 26, 10, 11, 46),
(2867, 10, 5, 26, 41, 47, 26, 10, 11, 46),
(2868, 5, 5, 15, 25, 48, 26, 10, 11, 46),
(2869, 5, 5, 17, 27, 50, 26, 10, 11, 46),
(2870, 12, 5, 32, 49, 51, 26, 10, 11, 46),
(2871, 17, 5, 46, 68, 54, 26, 10, 11, 46),
(2872, 5, 5, 8, 18, 56, 26, 10, 11, 46),
(2873, 7, 5, 39, 51, 57, 26, 10, 11, 46),
(2874, 5, 5, 49, 59, 59, 26, 10, 11, 46),
(2875, 5, 12, 44, 61, 61, 26, 10, 11, 46),
(2876, 20, 5, 33, 58, 63, 26, 10, 11, 46),
(2911, 20, 18, 34, 72, 260, 29, 10, 11, 46),
(2912, 20, 9, 10, 39, 261, 29, 10, 11, 46),
(2913, 20, 9, 5, 34, 262, 29, 10, 11, 46),
(2914, 20, 1, 41, 62, 263, 29, 10, 11, 46),
(2915, 20, 15, 19, 54, 264, 29, 10, 11, 46),
(2916, 20, 18, 43, 81, 265, 29, 10, 11, 46),
(2917, 20, 17, 44, 81, 266, 29, 10, 11, 46),
(2918, 20, 19, 31, 70, 268, 29, 10, 11, 46),
(2919, 20, 17, 20, 57, 269, 29, 10, 11, 46),
(2920, 20, 18, 26, 64, 270, 29, 10, 11, 46),
(2921, 20, 18, 43, 81, 271, 29, 10, 11, 46),
(2922, 20, 18, 44, 82, 272, 29, 10, 11, 46),
(2923, 20, 20, 30, 70, 273, 29, 10, 11, 46),
(2924, 20, 18, 43, 81, 276, 29, 10, 11, 46),
(2925, 20, 15, 9, 44, 277, 29, 10, 11, 46),
(2926, 20, 5, 12, 37, 278, 29, 10, 11, 46),
(2927, 20, 17, 48, 85, 279, 29, 10, 11, 46),
(2928, 20, 18, 23, 61, 280, 29, 10, 11, 46),
(2929, 20, 18, 51, 89, 282, 29, 10, 11, 46),
(2930, 20, 18, 42, 80, 283, 29, 10, 11, 46),
(2931, 20, 17, 28, 65, 284, 29, 10, 11, 46),
(2932, 20, 19, 52, 91, 285, 29, 10, 11, 46),
(2933, 20, 20, 32, 72, 286, 29, 10, 11, 46),
(2934, 20, 17, 16, 53, 288, 29, 10, 11, 46),
(2935, 20, 19, 54, 93, 289, 29, 10, 11, 46),
(2936, 20, 17, 30, 67, 290, 29, 10, 11, 46),
(2937, 20, 1, 8, 29, 291, 29, 10, 11, 46),
(2938, 19, 8, 39, 66, 30, 26, 10, 11, 51),
(2939, 10, 6, 24, 40, 32, 26, 10, 11, 51),
(2940, 17, 20, 46, 83, 33, 26, 10, 11, 51),
(2941, 20, 14, 43, 77, 34, 26, 10, 11, 51),
(2942, 18, 20, 40, 78, 35, 26, 10, 11, 51),
(2943, 20, 18, 33, 71, 36, 26, 10, 11, 51),
(2944, 2, 5, 9, 16, 37, 26, 10, 11, 51),
(2945, 20, 17, 43, 80, 38, 26, 10, 11, 51),
(2946, 16, 18, 23, 57, 39, 26, 10, 11, 51),
(2947, 18, 20, 46, 84, 40, 26, 10, 11, 51),
(2948, 2, 5, 6, 13, 42, 26, 10, 11, 51),
(2949, 12, 12, 21, 45, 43, 26, 10, 11, 51),
(2950, 5, 5, 14, 24, 45, 26, 10, 11, 51),
(2951, 2, 8, 9, 19, 47, 26, 10, 11, 51),
(2952, 17, 16, 25, 58, 48, 26, 10, 11, 51),
(2953, 2, 6, 8, 16, 50, 26, 10, 11, 51),
(2954, 10, 7, 24, 41, 51, 26, 10, 11, 51),
(2955, 20, 20, 30, 70, 53, 26, 10, 11, 51),
(2956, 15, 8, 35, 58, 54, 26, 10, 11, 51),
(2957, 8, 6, 19, 33, 55, 26, 10, 11, 51),
(2958, 14, 9, 12, 35, 56, 26, 10, 11, 51),
(2959, 13, 17, 26, 56, 57, 26, 10, 11, 51),
(2960, 2, 15, 13, 30, 58, 26, 10, 11, 51),
(2961, 15, 20, 16, 51, 59, 26, 10, 11, 51),
(2962, 17, 19, 21, 57, 60, 26, 10, 11, 51),
(2963, 13, 13, 16, 42, 61, 26, 10, 11, 51),
(2964, 13, 20, 31, 64, 62, 26, 10, 11, 51),
(2965, 17, 20, 35, 72, 63, 26, 10, 11, 51),
(2966, 10, 20, 37, 67, 64, 26, 10, 11, 51),
(2967, 15, 10, 26, 51, 65, 26, 10, 11, 51),
(2968, 10, 20, 20, 50, 66, 26, 10, 11, 51),
(2969, 17, 20, 22, 59, 67, 26, 10, 11, 51),
(2970, 3, 5, 7, 15, 68, 26, 10, 11, 51),
(2971, 5, 16, 39, 60, 44, 26, 10, 11, 51),
(3006, 10, 8, 29, 47, 132, 31, 10, 11, 59),
(3007, 14, 8, 21, 43, 133, 31, 10, 11, 59),
(3008, 17, 14, 40, 71, 134, 31, 10, 11, 59),
(3009, 5, 12, 32, 49, 136, 31, 10, 11, 59),
(3010, 16, 14, 27, 57, 137, 31, 10, 11, 59),
(3011, 15, 16, 35, 66, 152, 31, 10, 11, 59),
(3012, 10, 18, 25, 53, 153, 31, 10, 11, 59),
(3013, 17, 17, 22, 56, 154, 31, 10, 11, 59),
(3014, 5, 8, 11, 24, 1, 28, 10, 11, 51),
(3015, 10, 18, 21, 49, 2, 28, 10, 11, 51),
(3016, 5, 14, 25, 44, 3, 28, 10, 11, 51),
(3017, 2, 15, 26, 43, 4, 28, 10, 11, 51),
(3018, 5, 8, 6, 19, 5, 28, 10, 11, 51),
(3019, 18, 20, 56, 94, 6, 28, 10, 11, 51),
(3020, 5, 8, 14, 27, 7, 28, 10, 11, 51),
(3021, 10, 17, 26, 53, 8, 28, 10, 11, 51),
(3022, 7, 8, 9, 24, 9, 28, 10, 11, 51),
(3023, 10, 13, 29, 52, 10, 28, 10, 11, 51),
(3024, 18, 20, 52, 90, 14, 28, 10, 11, 51),
(3025, 20, 17, 56, 93, 18, 28, 10, 11, 51),
(3026, 5, 18, 21, 44, 15, 28, 10, 11, 51),
(3027, 2, 8, 20, 30, 16, 28, 10, 11, 51),
(3028, 7, 14, 13, 34, 17, 28, 10, 11, 51),
(3029, 9, 18, 25, 52, 12, 28, 10, 11, 51),
(3030, 13, 20, 31, 64, 19, 28, 10, 11, 51),
(3031, 18, 17, 30, 65, 20, 28, 10, 11, 51),
(3032, 8, 17, 29, 54, 21, 28, 10, 11, 51),
(3033, 5, 17, 32, 54, 22, 28, 10, 11, 51),
(3034, 5, 20, 20, 45, 29, 28, 10, 11, 51),
(3035, 15, 20, 31, 66, 23, 28, 10, 11, 51),
(3036, 12, 20, 30, 62, 24, 28, 10, 11, 51),
(3037, 15, 20, 33, 68, 25, 28, 10, 11, 51),
(3038, 6, 17, 31, 54, 26, 28, 10, 11, 51),
(3039, 4, 20, 26, 50, 27, 28, 10, 11, 51),
(3040, 8, 20, 36, 64, 28, 28, 10, 11, 51),
(3041, 18, 18, 40, 76, 155, 30, 10, 11, 59),
(3042, 14, 14, 22, 50, 156, 30, 10, 11, 59),
(3043, 16, 14, 30, 60, 157, 30, 10, 11, 59),
(3044, 18, 16, 37, 71, 158, 30, 10, 11, 59),
(3045, 15, 20, 44, 79, 159, 30, 10, 11, 59),
(3046, 15, 20, 33, 68, 160, 30, 10, 11, 59),
(3047, 17, 8, 25, 50, 161, 30, 10, 11, 59),
(3048, 17, 20, 37, 74, 162, 30, 10, 11, 59),
(3049, 17, 8, 39, 64, 163, 30, 10, 11, 59),
(3050, 18, 18, 40, 76, 164, 30, 10, 11, 59),
(3051, 13, 18, 32, 63, 165, 30, 10, 11, 59),
(3052, 15, 20, 23, 58, 166, 30, 10, 11, 59),
(3053, 12, 18, 26, 56, 167, 30, 10, 11, 59),
(3054, 18, 12, 28, 58, 168, 30, 10, 11, 59),
(3055, 14, 8, 25, 47, 169, 30, 10, 11, 59),
(3056, 14, 18, 23, 55, 170, 30, 10, 11, 59),
(3057, 13, 10, 27, 50, 171, 30, 10, 11, 59),
(3058, 20, 8, 30, 58, 172, 30, 10, 11, 59),
(3059, 8, 14, 30, 52, 173, 30, 10, 11, 59),
(3060, 17, 18, 25, 60, 174, 30, 10, 11, 59),
(3061, 17, 16, 29, 62, 175, 30, 10, 11, 59),
(3062, 14, 8, 38, 60, 176, 30, 10, 11, 59),
(3063, 13, 8, 29, 50, 177, 30, 10, 11, 59),
(3064, 8, 15, 19, 42, 178, 30, 10, 11, 59),
(3065, 10, 20, 24, 54, 179, 30, 10, 11, 59),
(3066, 8, 8, 18, 34, 180, 30, 10, 11, 59),
(3067, 16, 8, 21, 45, 181, 30, 10, 11, 59),
(3068, 20, 16, 23, 59, 182, 30, 10, 11, 59),
(3069, 15, 8, 19, 42, 183, 30, 10, 11, 59),
(3070, 20, 8, 14, 42, 184, 30, 10, 11, 59),
(3071, 20, 18, 22, 60, 185, 30, 10, 11, 59),
(3072, 19, 20, 31, 70, 186, 30, 10, 11, 59),
(3073, 13, 18, 19, 50, 187, 30, 10, 11, 59),
(3074, 10, 8, 16, 34, 188, 30, 10, 11, 59),
(3075, 10, 8, 18, 36, 189, 30, 10, 11, 59),
(3076, 15, 18, 17, 50, 190, 30, 10, 11, 59),
(3077, 15, 17, 15, 47, 191, 30, 10, 11, 59),
(3078, 19, 15, 48, 82, 256, 32, 10, 11, 59),
(3079, 5, 17, 29, 51, 257, 32, 10, 11, 59),
(3080, 12, 20, 40, 72, 255, 32, 10, 11, 59),
(3081, 17, 19, 45, 81, 258, 32, 10, 11, 59),
(3082, 19, 18, 31, 68, 259, 32, 10, 11, 59),
(3083, 15, 8, 25, 48, 232, 33, 10, 11, 59),
(3084, 16, 15, 28, 59, 233, 33, 10, 11, 59),
(3085, 11, 16, 35, 62, 234, 33, 10, 11, 59),
(3086, 17, 20, 51, 88, 235, 33, 10, 11, 59),
(3087, 15, 20, 37, 72, 236, 33, 10, 11, 59),
(3088, 20, 20, 46, 86, 245, 33, 10, 11, 59),
(3089, 13, 7, 32, 52, 238, 33, 10, 11, 59),
(3090, 20, 20, 57, 97, 239, 33, 10, 11, 59),
(3091, 20, 20, 59, 99, 240, 33, 10, 11, 59),
(3092, 12, 8, 40, 60, 241, 33, 10, 11, 59),
(3093, 20, 20, 44, 84, 242, 33, 10, 11, 59),
(3094, 20, 10, 45, 75, 243, 33, 10, 11, 59),
(3095, 18, 17, 47, 82, 244, 33, 10, 11, 59),
(3096, 19, 8, 49, 76, 247, 33, 10, 11, 59),
(3097, 13, 20, 30, 63, 248, 33, 10, 11, 59),
(3098, 17, 20, 40, 77, 249, 33, 10, 11, 59),
(3099, 14, 20, 34, 68, 251, 33, 10, 11, 59),
(3100, 15, 12, 42, 69, 252, 33, 10, 11, 59),
(3101, 12, 17, 40, 69, 253, 33, 10, 11, 59),
(3102, 19, 20, 48, 87, 254, 33, 10, 11, 59),
(3103, 20, 19, 56, 95, 250, 33, 10, 11, 59),
(3104, 18, 17, 46, 81, 246, 33, 10, 11, 59),
(3105, 8, 16, 37, 61, 301, 27, 10, 11, 51),
(3106, 1, 7, 9, 17, 293, 27, 10, 11, 51),
(3107, 7, 5, 23, 35, 304, 27, 10, 11, 51),
(3108, 10, 8, 50, 68, 299, 27, 10, 11, 51),
(3109, 20, 14, 46, 80, 298, 27, 10, 11, 51),
(3110, 8, 9, 35, 52, 297, 27, 10, 11, 51),
(3111, 11, 20, 40, 71, 296, 27, 10, 11, 51),
(3112, 7, 17, 40, 64, 295, 27, 10, 11, 51),
(3113, 5, 15, 21, 41, 311, 27, 10, 11, 51),
(3114, 11, 10, 49, 70, 310, 27, 10, 11, 51),
(3115, 5, 8, 12, 25, 309, 27, 10, 11, 51),
(3116, 6, 9, 37, 52, 313, 27, 10, 11, 51),
(3117, 7, 4, 23, 34, 303, 27, 10, 11, 51),
(3118, 10, 10, 28, 48, 300, 27, 10, 11, 51),
(3119, 17, 20, 52, 89, 306, 27, 10, 11, 51),
(3120, 7, 13, 22, 42, 292, 27, 10, 11, 51),
(3121, 18, 10, 43, 71, 312, 27, 10, 11, 51),
(3122, 5, 7, 31, 43, 294, 27, 10, 11, 51),
(3123, 7, 17, 20, 44, 302, 27, 10, 11, 51),
(3124, 5, 10, 19, 34, 323, 27, 10, 11, 51),
(3125, 2, 2, 7, 11, 325, 27, 10, 11, 51),
(3126, 4, 5, 16, 25, 319, 27, 10, 11, 51),
(3127, 9, 5, 23, 37, 320, 27, 10, 11, 51),
(3128, 14, 17, 52, 83, 322, 27, 10, 11, 51),
(3129, 11, 8, 31, 50, 324, 27, 10, 11, 51),
(3130, 5, 2, 13, 20, 314, 27, 10, 11, 51),
(3131, 20, 20, 54, 94, 317, 27, 10, 11, 51),
(3132, 3, 5, 7, 15, 326, 27, 10, 11, 51),
(3133, 3, 15, 26, 44, 327, 27, 10, 11, 51),
(3134, 1, 4, 13, 18, 318, 27, 10, 11, 51),
(3135, 13, 10, 41, 64, 315, 27, 10, 11, 51),
(3136, 6, 8, 6, 20, 260, 29, 10, 11, 51),
(3137, 5, 8, 8, 21, 262, 29, 10, 11, 51),
(3138, 7, 8, 51, 66, 263, 29, 10, 11, 51),
(3139, 13, 17, 31, 61, 264, 29, 10, 11, 51),
(3140, 14, 20, 56, 90, 265, 29, 10, 11, 51),
(3141, 20, 20, 41, 81, 266, 29, 10, 11, 51),
(3142, 8, 8, 39, 55, 267, 29, 10, 11, 51),
(3143, 20, 8, 54, 82, 268, 29, 10, 11, 51),
(3144, 16, 20, 32, 68, 269, 29, 10, 11, 51),
(3145, 17, 20, 52, 89, 270, 29, 10, 11, 51),
(3146, 14, 20, 54, 88, 271, 29, 10, 11, 51),
(3147, 16, 20, 50, 86, 272, 29, 10, 11, 51),
(3148, 13, 20, 26, 59, 273, 29, 10, 11, 51),
(3149, 5, 5, 25, 35, 274, 29, 10, 11, 51),
(3150, 16, 20, 46, 82, 275, 29, 10, 11, 51),
(3151, 17, 20, 55, 92, 276, 29, 10, 11, 51),
(3152, 5, 17, 21, 43, 277, 29, 10, 11, 51),
(3153, 12, 15, 12, 39, 278, 29, 10, 11, 51),
(3154, 5, 19, 52, 76, 279, 29, 10, 11, 51),
(3155, 14, 20, 42, 76, 280, 29, 10, 11, 51),
(3156, 15, 8, 44, 67, 282, 29, 10, 11, 51),
(3157, 16, 20, 59, 95, 283, 29, 10, 11, 51),
(3158, 12, 20, 42, 74, 284, 29, 10, 11, 51),
(3159, 20, 20, 59, 99, 285, 29, 10, 11, 51),
(3160, 15, 12, 26, 53, 286, 29, 10, 11, 51),
(3161, 7, 6, 14, 27, 288, 29, 10, 11, 51),
(3162, 5, 7, 9, 21, 287, 29, 10, 11, 51),
(3163, 13, 20, 22, 55, 289, 29, 10, 11, 51),
(3164, 8, 8, 36, 52, 290, 29, 10, 11, 51),
(3165, 5, 6, 3, 14, 281, 29, 10, 11, 51),
(3166, 5, 8, 13, 26, 201, 24, 10, 11, 51),
(3167, 4, 8, 35, 47, 218, 24, 10, 11, 51),
(3168, 19, 8, 49, 76, 227, 24, 10, 11, 51),
(3169, 11, 20, 40, 71, 69, 25, 10, 11, 51),
(3170, 13, 20, 32, 65, 70, 25, 10, 11, 51),
(3171, 20, 8, 42, 70, 71, 25, 10, 11, 51),
(3172, 12, 20, 24, 56, 72, 25, 10, 11, 51),
(3173, 16, 17, 29, 62, 73, 25, 10, 11, 51),
(3174, 15, 20, 19, 54, 74, 25, 10, 11, 51),
(3175, 3, 15, 18, 36, 75, 25, 10, 11, 51),
(3176, 2, 17, 9, 28, 76, 25, 10, 11, 51),
(3177, 5, 18, 7, 30, 77, 25, 10, 11, 51),
(3178, 20, 20, 40, 80, 78, 25, 10, 11, 51),
(3179, 7, 20, 8, 35, 79, 25, 10, 11, 51),
(3180, 14, 20, 33, 67, 80, 25, 10, 11, 51),
(3181, 9, 20, 22, 51, 81, 25, 10, 11, 51),
(3182, 12, 16, 22, 50, 83, 25, 10, 11, 51),
(3183, 16, 20, 36, 72, 84, 25, 10, 11, 51),
(3184, 5, 20, 16, 41, 85, 25, 10, 11, 51),
(3185, 3, 20, 4, 27, 86, 25, 10, 11, 51),
(3186, 9, 20, 19, 48, 87, 25, 10, 11, 51),
(3187, 12, 20, 36, 68, 88, 25, 10, 11, 51),
(3188, 3, 18, 22, 43, 89, 25, 10, 11, 51),
(3189, 10, 18, 18, 46, 90, 25, 10, 11, 51),
(3190, 14, 17, 32, 63, 91, 25, 10, 11, 51),
(3191, 7, 17, 23, 47, 92, 25, 10, 11, 51),
(3192, 16, 20, 37, 73, 94, 25, 10, 11, 51),
(3193, 20, 20, 49, 89, 96, 25, 10, 11, 51),
(3194, 3, 18, 9, 30, 97, 25, 10, 11, 51),
(3195, 6, 10, 11, 27, 98, 25, 10, 11, 51),
(3196, 7, 20, 12, 39, 99, 25, 10, 11, 51),
(3197, 8, 7, 7, 22, 100, 25, 10, 11, 51),
(3198, 15, 8, 32, 55, 101, 25, 10, 11, 51),
(3199, 10, 16, 27, 53, 102, 25, 10, 11, 51),
(3200, 15, 18, 43, 76, 103, 25, 10, 11, 51),
(3201, 6, 17, 20, 43, 104, 25, 10, 11, 51),
(3202, 13, 18, 27, 58, 106, 25, 10, 11, 51),
(3203, 7, 19, 19, 45, 107, 25, 10, 11, 51),
(3204, 3, 20, 16, 39, 108, 25, 10, 11, 51),
(3205, 14, 17, 20, 51, 93, 25, 10, 11, 51),
(3206, 5, 5, 11, 21, 110, 25, 10, 11, 51),
(3207, 11, 10, 30, 51, 319, 27, 10, 11, 52),
(3208, 17, 18, 33, 68, 31, 26, 10, 11, 46),
(3209, 10, 10, 33, 53, 58, 26, 10, 11, 46),
(3210, 10, 10, 21, 41, 45, 26, 10, 11, 46),
(3211, 5, 10, 38, 53, 52, 26, 10, 11, 46),
(3212, 10, 10, 10, 30, 46, 26, 10, 11, 46),
(3213, 10, 10, 49, 69, 60, 26, 10, 11, 46),
(3214, 15, 10, 32, 57, 64, 26, 10, 11, 46),
(3215, 7, 10, 44, 61, 65, 26, 10, 11, 46),
(3216, 15, 10, 34, 59, 66, 26, 10, 11, 46),
(3217, 10, 10, 38, 58, 55, 26, 10, 11, 46),
(3218, 12, 10, 23, 45, 44, 26, 10, 11, 46),
(3219, 10, 10, 39, 59, 62, 26, 10, 11, 46),
(3220, 5, 17, 13, 35, 53, 26, 10, 11, 46),
(3221, 7, 19, 52, 78, 30, 26, 10, 11, 53),
(3222, 5, 13, 18, 36, 32, 26, 10, 11, 53),
(3223, 8, 19, 46, 73, 31, 26, 10, 11, 53),
(3224, 8, 20, 55, 83, 33, 26, 10, 11, 53),
(3225, 8, 19, 46, 73, 34, 26, 10, 11, 53),
(3226, 12, 17, 50, 79, 35, 26, 10, 11, 53),
(3227, 6, 20, 48, 74, 36, 26, 10, 11, 53),
(3228, 2, 6, 15, 23, 37, 26, 10, 11, 53),
(3229, 7, 20, 48, 75, 38, 26, 10, 11, 53),
(3230, 14, 11, 32, 57, 39, 26, 10, 11, 53),
(3231, 14, 20, 55, 89, 40, 26, 10, 11, 53),
(3232, 5, 5, 9, 19, 42, 26, 10, 11, 53),
(3233, 5, 12, 15, 32, 43, 26, 10, 11, 53),
(3234, 5, 6, 19, 30, 45, 26, 10, 11, 53),
(3235, 5, 5, 10, 20, 46, 26, 10, 11, 53),
(3236, 5, 5, 7, 17, 47, 26, 10, 11, 53),
(3237, 11, 16, 46, 73, 48, 26, 10, 11, 53),
(3238, 5, 5, 5, 15, 50, 26, 10, 11, 53),
(3239, 6, 17, 30, 53, 51, 26, 10, 11, 53),
(3240, 5, 16, 25, 46, 52, 26, 10, 11, 53),
(3241, 8, 18, 41, 67, 53, 26, 10, 11, 53),
(3242, 7, 18, 42, 67, 54, 26, 10, 11, 53),
(3243, 11, 10, 14, 35, 55, 26, 10, 11, 53),
(3244, 5, 16, 24, 45, 56, 26, 10, 11, 53),
(3245, 6, 19, 46, 71, 57, 26, 10, 11, 53),
(3246, 8, 10, 9, 27, 58, 26, 10, 11, 53),
(3247, 3, 16, 31, 50, 59, 26, 10, 11, 53),
(3248, 5, 17, 43, 65, 60, 26, 10, 11, 53),
(3249, 5, 15, 40, 60, 61, 26, 10, 11, 53),
(3250, 8, 16, 29, 53, 62, 26, 10, 11, 53),
(3251, 10, 16, 49, 75, 63, 26, 10, 11, 53),
(3252, 5, 13, 42, 60, 64, 26, 10, 11, 53),
(3253, 5, 15, 39, 59, 65, 26, 10, 11, 53),
(3254, 5, 13, 40, 58, 66, 26, 10, 11, 53),
(3255, 8, 15, 31, 54, 67, 26, 10, 11, 53),
(3256, 5, 5, 6, 16, 68, 26, 10, 11, 53),
(3257, 13, 16, 50, 79, 44, 26, 10, 11, 53),
(3258, 12, 18, 41, 71, 69, 25, 10, 11, 53),
(3259, 12, 14, 41, 67, 70, 25, 10, 11, 53),
(3260, 15, 20, 52, 87, 71, 25, 10, 11, 53),
(3261, 12, 15, 54, 81, 72, 25, 10, 11, 53),
(3262, 18, 19, 56, 93, 73, 25, 10, 11, 53),
(3263, 6, 15, 49, 70, 74, 25, 10, 11, 53),
(3264, 7, 5, 16, 28, 75, 25, 10, 11, 53),
(3265, 5, 11, 14, 30, 76, 25, 10, 11, 53),
(3266, 7, 7, 15, 29, 77, 25, 10, 11, 53),
(3267, 15, 19, 47, 81, 78, 25, 10, 11, 53),
(3268, 5, 5, 27, 37, 79, 25, 10, 11, 53),
(3269, 12, 18, 38, 68, 80, 25, 10, 11, 53),
(3270, 10, 15, 45, 70, 81, 25, 10, 11, 53),
(3271, 16, 13, 45, 74, 82, 25, 10, 11, 53),
(3272, 5, 8, 27, 40, 83, 25, 10, 11, 53),
(3273, 17, 16, 53, 86, 84, 25, 10, 11, 53),
(3274, 5, 7, 28, 40, 85, 25, 10, 11, 53),
(3275, 5, 9, 14, 28, 86, 25, 10, 11, 53),
(3276, 8, 10, 38, 56, 87, 25, 10, 11, 53),
(3277, 9, 11, 47, 67, 88, 25, 10, 11, 53),
(3278, 5, 16, 29, 50, 89, 25, 10, 11, 53),
(3279, 15, 17, 36, 68, 90, 25, 10, 11, 53),
(3280, 9, 18, 44, 71, 91, 25, 10, 11, 53),
(3281, 5, 16, 48, 69, 92, 25, 10, 11, 53),
(3282, 16, 20, 53, 89, 94, 25, 10, 11, 53),
(3283, 14, 20, 38, 72, 95, 25, 10, 11, 53),
(3284, 14, 20, 57, 91, 96, 25, 10, 11, 53),
(3285, 9, 9, 15, 33, 97, 25, 10, 11, 53),
(3286, 6, 6, 24, 36, 98, 25, 10, 11, 53),
(3287, 16, 18, 42, 76, 99, 25, 10, 11, 53),
(3288, 5, 5, 13, 23, 100, 25, 10, 11, 53),
(3289, 8, 16, 40, 64, 101, 25, 10, 11, 53),
(3290, 12, 14, 28, 54, 102, 25, 10, 11, 53),
(3291, 16, 20, 54, 90, 103, 25, 10, 11, 53),
(3292, 5, 15, 34, 54, 104, 25, 10, 11, 53),
(3293, 8, 19, 53, 80, 106, 25, 10, 11, 53),
(3294, 7, 12, 22, 41, 107, 25, 10, 11, 53),
(3295, 5, 5, 21, 31, 108, 25, 10, 11, 53),
(3296, 13, 14, 32, 59, 109, 25, 10, 11, 53),
(3297, 7, 8, 29, 44, 93, 25, 10, 11, 53),
(3298, 4, 4, 15, 23, 110, 25, 10, 11, 53),
(3299, 13, 18, 52, 83, 192, 24, 10, 11, 53),
(3300, 5, 9, 7, 21, 193, 24, 10, 11, 53),
(3301, 15, 13, 42, 70, 194, 24, 10, 11, 53),
(3302, 5, 9, 12, 26, 195, 24, 10, 11, 53),
(3303, 8, 6, 9, 23, 196, 24, 10, 11, 53),
(3304, 19, 17, 49, 85, 197, 24, 10, 11, 53),
(3305, 12, 12, 41, 65, 198, 24, 10, 11, 53),
(3306, 11, 15, 34, 60, 199, 24, 10, 11, 53),
(3307, 10, 12, 23, 45, 201, 24, 10, 11, 53),
(3308, 18, 14, 50, 82, 202, 24, 10, 11, 53),
(3309, 9, 12, 32, 53, 203, 24, 10, 11, 53),
(3310, 10, 5, 21, 36, 204, 24, 10, 11, 53),
(3311, 5, 5, 9, 19, 205, 24, 10, 11, 53),
(3312, 19, 15, 45, 79, 206, 24, 10, 11, 53),
(3313, 11, 12, 42, 65, 207, 24, 10, 11, 53),
(3314, 9, 14, 37, 60, 209, 24, 10, 11, 53),
(3315, 8, 19, 39, 66, 210, 24, 10, 11, 53),
(3316, 17, 16, 47, 80, 211, 24, 10, 11, 53),
(3317, 7, 11, 40, 58, 212, 24, 10, 11, 53),
(3318, 5, 5, 9, 19, 213, 24, 10, 11, 53),
(3319, 5, 8, 26, 39, 214, 24, 10, 11, 53),
(3320, 5, 8, 26, 39, 215, 24, 10, 11, 53),
(3321, 11, 10, 37, 58, 216, 24, 10, 11, 53),
(3322, 10, 11, 29, 50, 217, 24, 10, 11, 53),
(3323, 13, 18, 40, 71, 218, 24, 10, 11, 53),
(3324, 12, 16, 46, 74, 219, 24, 10, 11, 53),
(3325, 5, 7, 9, 21, 229, 24, 10, 11, 53),
(3326, 7, 5, 33, 45, 220, 24, 10, 11, 53),
(3327, 5, 4, 10, 19, 221, 24, 10, 11, 53),
(3328, 7, 18, 47, 72, 222, 24, 10, 11, 53),
(3329, 7, 18, 47, 72, 223, 24, 10, 11, 53),
(3330, 5, 10, 27, 42, 225, 24, 10, 11, 53),
(3331, 14, 16, 47, 77, 226, 24, 10, 11, 53),
(3332, 9, 17, 45, 71, 227, 24, 10, 11, 53),
(3333, 10, 15, 39, 64, 228, 24, 10, 11, 53),
(3334, 5, 6, 15, 26, 230, 24, 10, 11, 53),
(3335, 10, 10, 22, 42, 274, 29, 10, 11, 52),
(3336, 5, 5, 45, 55, 267, 29, 10, 11, 52),
(3337, 10, 10, 20, 40, 261, 29, 10, 11, 52),
(3339, 5, 10, 42, 57, 339, 30, 10, 11, 54),
(3340, 3, 14, 37, 54, 338, 30, 10, 11, 54),
(3341, 11, 10, 50, 71, 70, 25, 10, 11, 46),
(3342, 8, 10, 38, 56, 85, 25, 10, 11, 46),
(3343, 10, 15, 49, 74, 72, 25, 10, 11, 46),
(3344, 11, 15, 43, 69, 69, 25, 10, 11, 46),
(3345, 13, 13, 50, 76, 87, 25, 10, 11, 46),
(3346, 16, 18, 55, 89, 73, 25, 10, 11, 46),
(3347, 10, 10, 45, 65, 97, 25, 10, 11, 46),
(3348, 13, 16, 43, 72, 93, 25, 10, 11, 46),
(3349, 10, 10, 46, 66, 95, 25, 10, 11, 46),
(3350, 6, 15, 44, 65, 109, 25, 10, 11, 46),
(3351, 10, 10, 51, 71, 94, 25, 10, 11, 46),
(3352, 16, 10, 39, 65, 96, 25, 10, 11, 46),
(3353, 10, 10, 46, 66, 104, 25, 10, 11, 46),
(3354, 10, 10, 39, 59, 107, 25, 10, 11, 46),
(3355, 10, 10, 52, 72, 100, 25, 10, 11, 46),
(3356, 10, 13, 51, 74, 108, 25, 10, 11, 46),
(3357, 10, 16, 40, 66, 98, 25, 10, 11, 46),
(3358, 13, 18, 38, 69, 99, 25, 10, 11, 46),
(3359, 10, 13, 51, 74, 103, 25, 10, 11, 46),
(3360, 11, 10, 39, 60, 74, 25, 10, 11, 46),
(3361, 11, 10, 39, 60, 91, 25, 10, 11, 46),
(3362, 10, 10, 35, 55, 75, 25, 10, 11, 46),
(3363, 14, 17, 44, 75, 78, 25, 10, 11, 46),
(3364, 10, 13, 45, 68, 89, 25, 10, 11, 46),
(3365, 13, 15, 40, 68, 101, 25, 10, 11, 46),
(3366, 13, 10, 52, 75, 106, 25, 10, 11, 46),
(3367, 20, 18, 41, 79, 76, 25, 10, 11, 46),
(3368, 6, 16, 40, 62, 86, 25, 10, 11, 46),
(3369, 10, 10, 51, 71, 90, 25, 10, 11, 46),
(3370, 10, 14, 35, 59, 102, 25, 10, 11, 46),
(3371, 6, 10, 45, 61, 79, 25, 10, 11, 46),
(3372, 10, 15, 42, 67, 77, 25, 10, 11, 46),
(3373, 14, 10, 43, 67, 80, 25, 10, 11, 46),
(3374, 12, 10, 51, 73, 81, 25, 10, 11, 46),
(3375, 11, 15, 45, 71, 92, 25, 10, 11, 46),
(3376, 18, 10, 39, 67, 82, 25, 10, 11, 46),
(3377, 12, 10, 50, 72, 83, 25, 10, 11, 46),
(3378, 14, 10, 46, 70, 88, 25, 10, 11, 46),
(3379, 20, 18, 40, 78, 84, 25, 10, 11, 46),
(3380, 20, 18, 41, 79, 71, 25, 10, 11, 46),
(3381, 12, 20, 35, 67, 341, 28, 10, 11, 52),
(3382, 5, 17, 30, 52, 340, 28, 10, 11, 52),
(3383, 3, 7, 30, 40, 342, 29, 10, 11, 52),
(3384, 17, 12, 23, 52, 230, 24, 10, 11, 25),
(3385, 10, 10, 42, 62, 345, 24, 10, 11, 25),
(3386, 15, 10, 30, 55, 346, 24, 10, 11, 25),
(3387, 12, 8, 12, 32, 213, 24, 10, 11, 25),
(3388, 18, 20, 57, 95, 192, 24, 10, 11, 25),
(3389, 10, 15, 33, 58, 339, 30, 10, 11, 29),
(3390, 10, 14, 41, 65, 338, 30, 10, 11, 29),
(3393, 1, 5, 8, 14, 343, 26, 10, 11, 46),
(3394, 10, 10, 31, 51, 68, 26, 10, 11, 46),
(3395, 10, 5, 34, 49, 344, 26, 10, 11, 46),
(3396, 5, 13, 35, 53, 346, 24, 10, 11, 46),
(3397, 4, 18, 39, 61, 345, 24, 10, 11, 46),
(3398, 5, 10, 21, 36, 293, 27, 10, 11, 46),
(3399, 11, 18, 24, 53, 340, 28, 10, 11, 46),
(3400, 10, 18, 45, 73, 12, 28, 10, 11, 46),
(3401, 10, 10, 24, 44, 9, 28, 10, 11, 46),
(3402, 10, 10, 34, 54, 11, 28, 10, 11, 46),
(3403, 5, 18, 14, 37, 341, 28, 10, 11, 46),
(3404, 10, 15, 24, 49, 26, 28, 10, 11, 46),
(3405, 19, 15, 38, 72, 14, 28, 10, 11, 46),
(3406, 15, 15, 37, 67, 343, 26, 10, 11, 48),
(3407, 10, 10, 21, 41, 344, 26, 10, 11, 48),
(3408, 10, 15, 30, 55, 340, 28, 10, 11, 48),
(3409, 10, 10, 23, 43, 341, 28, 10, 11, 48),
(3410, 15, 7, 14, 36, 342, 29, 10, 11, 47),
(3411, 10, 10, 47, 67, 280, 29, 10, 11, 48),
(3412, 10, 10, 28, 48, 342, 29, 10, 11, 48),
(3413, 10, 10, 20, 40, 267, 29, 10, 11, 48),
(3414, 10, 10, 45, 65, 268, 29, 10, 11, 48),
(3415, 10, 10, 19, 39, 287, 29, 10, 11, 46),
(3416, 10, 10, 29, 49, 274, 29, 10, 11, 46),
(3417, 20, 1, 21, 42, 281, 29, 10, 11, 46),
(3418, 20, 1, 22, 43, 342, 29, 10, 11, 46),
(3419, 10, 10, 5, 25, 267, 29, 10, 11, 46),
(3420, 10, 10, 33, 53, 275, 29, 10, 11, 46),
(3421, 10, 5, 2, 17, 100, 25, 10, 11, 28),
(3422, 11, 20, 59, 90, 73, 25, 10, 11, 28),
(3423, 10, 10, 53, 73, 109, 25, 10, 11, 50),
(3424, 15, 15, 14, 44, 340, 28, 10, 11, 26),
(3425, 10, 8, 27, 45, 341, 28, 10, 11, 26),
(3426, 10, 18, 17, 45, 13, 28, 10, 11, 26),
(3427, 4, 5, 11, 20, 340, 28, 10, 11, 27),
(3428, 5, 4, 20, 29, 341, 28, 10, 11, 27),
(3429, 10, 15, 36, 61, 107, 25, 10, 11, 48),
(3430, 14, 15, 41, 70, 339, 30, 10, 11, 33),
(3431, 20, 18, 45, 83, 338, 30, 10, 11, 33),
(3432, 15, 12, 32, 59, 159, 30, 10, 11, 33),
(3434, 6, 10, 14, 30, 342, 29, 10, 11, 27),
(3435, 4, 5, 10, 19, 281, 29, 10, 11, 50),
(3436, 14, 17, 32, 63, 342, 29, 10, 11, 50),
(3437, 14, 15, 32, 61, 339, 30, 10, 11, 58),
(3438, 3, 6, 37, 46, 338, 30, 10, 11, 58),
(3439, 20, 20, 39, 79, 345, 24, 10, 11, 48),
(3440, 10, 10, 34, 54, 346, 24, 10, 11, 48),
(3442, 14, 15, 36, 65, 338, 30, 10, 11, 32),
(3443, 12, 11, 33, 56, 339, 30, 10, 11, 32),
(3444, 10, 15, 20, 45, 340, 28, 10, 11, 50),
(3445, 10, 13, 24, 47, 341, 28, 10, 11, 50),
(3446, 10, 13, 31, 54, 89, 25, 10, 11, 52),
(3447, 10, 13, 19, 42, 98, 25, 10, 11, 52),
(3448, 19, 5, 40, 64, 73, 25, 10, 11, 52),
(3449, 10, 15, 23, 48, 346, 24, 10, 11, 49),
(3450, 15, 15, 37, 67, 345, 24, 10, 11, 49),
(3451, 10, 15, 49, 74, 73, 25, 10, 11, 49),
(3452, 10, 18, 37, 65, 343, 26, 10, 11, 47),
(3453, 14, 18, 14, 46, 344, 26, 10, 11, 47),
(3454, 12, 13, 14, 39, 340, 28, 10, 11, 28),
(3455, 14, 14, 30, 58, 341, 28, 10, 11, 28),
(3456, 19, 15, 56, 90, 135, 31, 10, 11, 55),
(3457, 10, 8, 30, 48, 238, 33, 10, 11, 30),
(3458, 10, 10, 21, 41, 232, 33, 10, 11, 30),
(3460, 14, 15, 36, 65, 345, 24, 10, 11, 47),
(3461, 12, 10, 20, 42, 230, 24, 10, 11, 47),
(3462, 18, 14, 17, 49, 346, 24, 10, 11, 47),
(3463, 10, 10, 18, 38, 309, 27, 10, 11, 53),
(3464, 2, 13, 7, 22, 340, 28, 10, 11, 53),
(3465, 5, 13, 16, 34, 341, 28, 10, 11, 53),
(3466, 10, 10, 5, 25, 5, 28, 10, 11, 53),
(3467, 2, 10, 28, 40, 264, 29, 10, 11, 53),
(3468, 10, 10, 13, 33, 281, 29, 10, 11, 53),
(3469, 2, 15, 12, 29, 342, 29, 10, 11, 53),
(3470, 10, 10, 40, 60, 267, 29, 10, 11, 53),
(3471, 8, 15, 30, 53, 343, 26, 10, 11, 49),
(3472, 8, 15, 35, 58, 41, 26, 10, 11, 49),
(3473, 10, 15, 15, 40, 344, 26, 10, 11, 49),
(3474, 8, 10, 24, 42, 341, 28, 10, 11, 49),
(3475, 8, 10, 15, 33, 340, 28, 10, 11, 49),
(3476, 18, 10, 32, 60, 28, 28, 10, 11, 49),
(3477, 10, 10, 24, 44, 4, 28, 10, 11, 49),
(3478, 10, 10, 17, 37, 221, 24, 10, 11, 28),
(3479, 10, 5, 30, 45, 203, 24, 10, 11, 28),
(3480, 15, 10, 52, 77, 207, 24, 10, 11, 28),
(3481, 10, 15, 53, 78, 211, 24, 10, 11, 28),
(3482, 10, 5, 10, 25, 230, 24, 10, 11, 28),
(3483, 10, 14, 53, 77, 345, 24, 10, 11, 28),
(3484, 10, 5, 30, 45, 346, 24, 10, 11, 28),
(3485, 10, 13, 46, 69, 346, 24, 10, 11, 50),
(3486, 20, 20, 59, 99, 345, 24, 10, 11, 50),
(3487, 10, 10, 18, 38, 200, 24, 10, 11, 50),
(3488, 1, 10, 13, 24, 291, 29, 10, 11, 25),
(3489, 2, 10, 7, 19, 262, 29, 10, 11, 25),
(3490, 1, 10, 6, 17, 278, 29, 10, 11, 25),
(3491, 6, 10, 16, 32, 263, 29, 10, 11, 25),
(3492, 4, 2, 9, 15, 277, 29, 10, 11, 25),
(3493, 8, 8, 8, 24, 274, 29, 10, 11, 25),
(3494, 10, 10, 19, 39, 260, 29, 10, 11, 26),
(3495, 10, 10, 8, 28, 261, 29, 10, 11, 26),
(3496, 10, 10, 18, 38, 287, 29, 10, 11, 26),
(3497, 20, 15, 18, 53, 290, 29, 10, 11, 26),
(3498, 10, 10, 8, 28, 263, 29, 10, 11, 26),
(3499, 12, 10, 21, 43, 265, 29, 10, 11, 26),
(3500, 10, 13, 10, 33, 277, 29, 10, 11, 26),
(3501, 20, 10, 41, 71, 271, 29, 10, 11, 26),
(3502, 16, 10, 23, 49, 274, 29, 10, 11, 26),
(3503, 10, 10, 10, 30, 281, 29, 10, 11, 26),
(3504, 10, 5, 28, 43, 342, 29, 10, 11, 26),
(3505, 10, 15, 24, 49, 282, 29, 10, 11, 26),
(3506, 10, 10, 16, 36, 267, 29, 10, 11, 26),
(3507, 9, 12, 32, 53, 346, 24, 10, 11, 53),
(3508, 10, 15, 39, 64, 345, 24, 10, 11, 53),
(3509, 6, 15, 39, 60, 343, 26, 10, 11, 53),
(3510, 12, 13, 48, 73, 41, 26, 10, 11, 53),
(3511, 11, 9, 16, 36, 344, 26, 10, 11, 53),
(3512, 18, 17, 27, 62, 255, 32, 10, 11, 61),
(3513, 15, 14, 30, 59, 256, 32, 10, 11, 61),
(3514, 20, 20, 32, 72, 258, 32, 10, 11, 61),
(3515, 5, 10, 25, 40, 257, 32, 10, 11, 61),
(3516, 15, 18, 47, 80, 259, 32, 10, 11, 61),
(3517, 20, 19, 48, 87, 132, 31, 10, 11, 56);

-- --------------------------------------------------------

--
-- Table structure for table `section`
--

CREATE TABLE `section` (
  `id` int(11) NOT NULL,
  `Section` varchar(45) DEFAULT NULL
) ENGINE=InnoDB DEFAULT CHARSET=utf8;

--
-- Dumping data for table `section`
--

INSERT INTO `section` (`id`, `Section`) VALUES
(1, 'Nursery'),
(2, 'Primary'),
(3, 'JS'),
(4, 'SS');

-- --------------------------------------------------------

--
-- Table structure for table `students`
--

CREATE TABLE `students` (
  `id` int(11) NOT NULL,
  `First_Name` varchar(45) DEFAULT NULL,
  `Middle_Name` varchar(45) DEFAULT NULL,
  `Last_Name` varchar(45) DEFAULT NULL,
  `Reg_No` varchar(45) DEFAULT NULL,
  `Parent_No` varchar(45) DEFAULT NULL,
  `Stu_Address` varchar(250) DEFAULT NULL,
  `Nationality` varchar(45) DEFAULT NULL,
  `State_of_Origin` varchar(45) DEFAULT NULL,
  `Lg_Area` varchar(45) DEFAULT NULL,
  `Classess_id` int(11) NOT NULL
) ENGINE=InnoDB DEFAULT CHARSET=utf8;

--
-- Dumping data for table `students`
--

INSERT INTO `students` (`id`, `First_Name`, `Middle_Name`, `Last_Name`, `Reg_No`, `Parent_No`, `Stu_Address`, `Nationality`, `State_of_Origin`, `Lg_Area`, `Classess_id`) VALUES
(1, 'ISHAQ', 'M', 'ISHAQ', 'KA/18/5810', '08066748811', 'D/REME', 'NIGERIAN', 'KATSINA', 'BAKORI', 28),
(2, 'AL-MUSTAPHA', '', 'SULEIMAN', 'KA/18/5741', '08039645747', 'KURAMI', 'NIGERIAN', 'KATSINA', 'BAKORI', 28),
(3, 'MUHAMMAD', 'K', 'IBRAHIM', 'KA/18/2152', '08039972701', 'KURAMI', 'NIGERIAN', 'KATSINA', 'BAKORI', 28),
(4, 'NAZIR', '', 'ABUBAKAR', 'KA/18/1993', '08099719778', 'YAN-KWANI', 'NIGERIAN', 'KATSINA', 'BAKORI', 28),
(5, 'ABDULMUDALLIB', '', 'YAKUBU', 'KA/18/2664', '08132051004', 'YAN-KWANI', 'NIGERIAN', 'KATSINA', 'BAKORI', 28),
(6, 'BUHARI', '', 'AMINU', 'KA/18/5505', '08063168999', 'FGGC BAKORI', 'NIGERIAN', 'KATSINA', 'BAKORI', 28),
(7, 'ABDULLAHI', '', 'SULEIMAN', 'KA/18/7366', '08068759618', 'D/REME', 'NIGERIAN', 'KATSINA', 'BAKORI', 28),
(8, 'HABIBU', '', 'LAWAL', 'KA/18/6827', '07064632646', 'YAN-KWANI', 'NIGERIAN', 'KATSINA', 'BAKORI', 28),
(9, 'ABUBAKAR', '', 'YAKUBU', 'KA/18/5748', '07036162992', 'KURAMI', 'NIGERIAN', 'KATSINA', 'BAKORI', 28),
(10, 'IMRANA', '', 'MUKHTAR', 'KA/18/8319', '08065945758', 'D/REME', 'NIGERIAN', 'KATSINA', 'BAKORI', 28),
(11, 'ALIYU', '', 'MANNIR', 'KA/18/78210', '08063262890', 'D/REME', 'NIGERIAN', 'KATSINA', 'BAKORI', 28),
(12, 'ABDULKADIR', '', 'MUHAMMAD', 'KA/18/11811', '07035606221', 'D/REME', 'NIGERIAN', 'KATSINA', 'BAKORI', 28),
(13, 'ABDULKARIM', '', 'AHMAD', 'KA/18/41112', '07068180161', 'KURAMI', 'NIGERIAN', 'KATSINA', 'BAKORI', 28),
(14, 'MUHAMMAD', '', 'SAI\'DU', 'KA/18/35013', '08020590540', 'D/MALIKI ROAD BAKORI', 'NIGERIAN', 'KATSINA', 'BAKORI', 28),
(15, 'USMAN', '', 'NURA', 'KA/18/35114', '08065990603', 'D/REME', 'NIGERIAN', 'KATSINA', 'BAKORI', 28),
(16, 'UMAR', '', 'ABDUL\'AZIZ', 'KA/18/68215', '08039658355', 'D/REME', 'NIGERIAN', 'KATSINA', 'BAKORI', 28),
(17, 'NASIR', 'ANAS', 'AHMAD', 'KA/18/55316', '08162715768', 'KURAMI', 'NIGERIAN', 'KATSINA', 'BAKORI', 28),
(18, 'MUSTAPHA', '', 'BALA', 'KA/18/56817', '08065672867', 'D/REME', 'NIGERIAN', 'KATSINA', 'BAKORI', 28),
(19, 'AISHA', '', 'MUHAMMAD', 'KA/18/24818', '08169869900', 'BAKORI', 'NIGERIAN', 'KATSINA', 'BAKORI', 28),
(20, 'HALIMATU', '', 'YUSUF', 'KA/18/92019', '07030454699', 'JAN-TITI BAKORI', 'NIGERIAN', 'KATSINA', 'BAKORI', 28),
(21, 'RABIATU', '', 'NURADDEEN', 'KA/18/17720', '08060192764', 'KURAMI', 'NIGERIAN', 'KATSINA', 'BAKORI', 28),
(22, 'AMINATU', '', 'TUKUR', 'KA/18/59721', '08035558528', 'KATSINA ROAD', 'NIGERIAN', 'KATSINA', 'FUNTUA', 28),
(23, 'JAMILA', '', 'KABIR', 'KA/18/54322', '08065806482', 'MAGAJIN MAKERA', 'NIGERIAN', 'KATSINA', 'FUNTUA', 28),
(24, 'BILKISU', 'AHMAD', 'LAWAL', 'KA/18/48423', '08065402358', 'MARABAR DANJA', 'NIGERIAN', 'KATSINA', 'BAKORI', 28),
(25, 'MARYAM', '', 'YUSUF', 'KA/18/48724', '08069573487', 'BAKORI', 'NIGERIAN', 'KATSINA', 'BAKORI', 28),
(26, 'FATIMA', '', 'ISMAIL', 'KA/18/73325', '08067569976', 'KURAMI', 'NIGERIAN', 'KATSINA', 'BAKORI', 28),
(27, 'ZAKIYYA', '', 'NURA', 'KA/18/47426', '08133192701', 'DANMALIKI ROAD', 'NIGERIAN', 'KATSINA', 'BAKORI', 28),
(28, 'FATIMA', '', 'KABIR', 'KA/18/40527', '07035210442', 'DANJA ROAD', 'NIGERIAN', 'KATSINA', 'BAKORI', 28),
(29, 'MARYAM', '', 'SHEHU', 'KA/18/85328', '', 'D/REME', 'NIGERIAN', 'KATSINA', 'BAKORI', 28),
(30, 'AHMAD', 'USMAN', 'TAHIR', 'KA/18/12029', '08064890101', 'NO 32 IDI MASKA RD', 'NIGERIA', 'KATSINA', 'FUNTUA', 26),
(31, 'AHMAD', 'MUSTAPHA', 'ADO', 'KA/18/43530', '08039738584', 'NO 53 KWALBATI BIYU', 'NIGERIA', 'KATSINA', 'FUNTUA', 26),
(32, 'ABUBAKAR', 'SADIQ', 'SANI', 'KA/18/71031', '07038358390', 'MAKERA', 'NIGERIA', 'KATSINA', 'FUNTUA', 26),
(33, 'ABDULLAHI', '', 'ISMAIL', 'KA/18/61032', '08039738587', 'NO 54 KWALBATI BIYU', 'NIGERIA', 'KATSINA', 'FUNTUA', 26),
(34, 'ABDULRAUF', '', 'ABDULLAHI', 'KA/18/57333', '08164648191', 'NO 25 BAKORI ROAD', 'NIGERIA', 'KATSINA', 'FUNTUA', 26),
(35, 'BASHIR', '', 'SHEHU', 'KA/18/34434', '08165375863', 'KABOMO', 'NIGERIA', 'KATSINA', 'BAKORI', 26),
(36, 'HAMZA', 'MADAWAKI', 'SANI', 'KA/18/95735', '07065622023', 'DANJA ROAD BKR', 'NIGERIA', 'KATSINA', 'BAKORI', 26),
(37, 'IBRAHIM', '', 'ABDULLAHI', 'KA/18/37736', '08060754900', 'DUTSEN-REME LOWCOST', 'NIGERIA', 'KATSINA', 'BAKORI', 26),
(38, 'MUHAMMAD', 'ADO', 'BASHIR', 'KA/18/34937', '08036062296', 'NO 1 DANJA ROAD', 'NIGERIA', 'KATSINA', 'FUNTUA', 26),
(39, 'MAHMUD', 'DODO', 'NASIR', 'KA/18/99838', '', 'MAKURDI ROAD BCGA', 'NIGERIA', 'KATSINA', 'FUNTUA', 26),
(40, 'MUSA', '', 'ADAM', 'KA/18/51339', '07063485346', 'UNGUWAR NABUKKA', 'NIGERIA', 'KATSINA', 'BAKORI', 26),
(41, 'SALIHU', 'KURAMI', 'USMAN', 'KA/18/28540', '08060005675', 'DUTSEN-REME LOWCOST', 'NIGERIA', 'KATSINA', 'BAKORI', 26),
(42, 'BILAL', '', 'RAYYANU', 'KA/18/84941', '', 'KURAMI', 'NIGERIA', 'KATSINA', 'BAKORI', 26),
(43, 'ABUBAKAR', 'YARO', 'IBRAHIM', 'KA/18/98742', '07036858382', 'SABUWAR ABUJA', 'NIGERIA', 'KATSINA', 'BAKORI', 26),
(44, 'MUHAMMAD', 'F.', 'KURASHIYU', 'KA/18/94943', '08068298442', 'TUDUN WADA', 'NIGERIA', 'KATSINA', 'FUNTUA', 26),
(45, 'ABDULLAHI', '', 'SAHALU', 'KA/18/47044', '08035176285', 'KURAMI', 'NIGERIA', 'KATSINA', 'BAKORI', 26),
(46, 'FAHAT', '', 'BUHARI', 'KA/18/64145', '', 'YANKWANI', 'NIGERIA', 'KATSINA', 'BAKORI', 26),
(47, 'YUSUF', '', 'SAMINU', 'KA/18/30246', '08161566466', 'DUTSEN-REME', 'NIGERIA', 'KATSINA', 'BAKORI', 26),
(48, 'IBRAHIM', '', 'LAWAL', 'KA/18/74347', '09033920253', 'LAYIN KARAMA DUTSEN-REME', 'NIGERIA', 'KATSINA', 'BAKORI', 26),
(49, 'ABDULBASIT', '', 'ZAHARRADINI', 'KA/18/26248', '08038381191', 'YANKWANI', 'NIGERIA', 'KATSINA', 'BAKORI', 26),
(50, 'AMINU', '', 'BABANGIDA', 'KA/18/99749', '08031869362', 'DUTSEN-REME', 'NIGERIA', 'KATSINA', 'BAKORI', 26),
(51, 'AMINU', '', 'MAHMUD', 'KA/18/97850', '', 'UNGUWAR NABUKKA', 'NIGERIA', 'KATSINA', 'BAKORI', 26),
(52, 'ABDULHAKIM', '', 'ABDULLAHI', 'KA/18/33351', '07035047051', 'KOFAR FADA', 'NIGERIA', 'KATSINA', 'BAKORI', 26),
(53, 'SADIQ', '', 'ABDULLAHI', 'KA/18/44252', '07063999957', 'UNGUWAR MAARUF BKR', 'NIGERIA', 'KATSINA', 'BAKORI', 26),
(54, 'ABDULJALAL', '', 'SANI', 'KA/18/63853', '08025625934', 'MAKERA', 'NIGERIA', 'KATSINA', 'FUNTUA', 26),
(55, 'IBRAHIM', 'AJIYA', 'NURA', 'KA/18/71454', '', 'YANKWANI', 'NIGERIA', 'KATSINA', 'BAKORI', 26),
(56, 'AMINA', '', 'AHMAD', 'KA/18/73255', '', 'KURAMI', 'NIGERIA', 'KATSINA', 'BAKORI', 26),
(57, 'FATIMA', '', 'ABDULAZIZ', 'KA/18/17156', '08030449851', 'DANMALIKI ROAD', 'NIGERIA', 'KATSINA', 'BAKORI', 26),
(58, 'ALJANNATU', '', 'MUSTAPHA', 'KA/18/82757', '08039658495', 'KURAMI', 'NIGERIA', 'KATSINA', 'BAKORI', 26),
(59, 'FIDDAUSI', '', 'ABDULRAUF', 'KA/18/87458', '07031200128', 'LOWCOST DIN YAN WANKI', 'NIGERIA', 'KATSINA', 'FUNTUA', 26),
(60, 'FATIMA', '', 'HABIBU', 'KA/18/65859', '07039265571', 'DANMALIKI ROAD', 'NIGERIA', 'KATSINA', 'BAKORI', 26),
(61, 'HUSNA', 'AHMAD', 'NURA', 'KA/18/66260', '', 'UNGUWAR TOFA', 'NIGERIA', 'KATSINA', 'BAKORI', 26),
(62, 'NAFISA', '', 'ABDULLAHI', 'KA/18/71861', '07039357001', 'DUTSEN-REME', 'NIGERIA', 'KATSINA', 'BAKORI', 26),
(63, 'ZAINAB', '', 'IBRAHIM', 'KA/18/52662', '', 'LAYIN KARADUWA', 'NIGERIA', 'KATSINA', 'FUNTUA', 26),
(64, 'FATIMA', '', 'SULAIMAN', 'KA/18/83663', '08133173122', 'NASARAWA ROAD', 'NIGERIA', 'KATSINA', 'BAKORI', 26),
(65, 'HAFSAT', 'S', 'AHMAD', 'KA/18/50964', '08032150960', 'KURAMI', 'NIGERIA', 'KATSINA', 'BAKORI', 26),
(66, 'HAJARA', '', 'SURAJO', 'KA/18/33465', '08067738247', 'KUDU', 'NIGERIA', 'KATSINA', 'BAKORI', 26),
(67, 'KHADIJA', '', 'AMINU', 'KA/18/84966', '08035621499', 'KURAMI', 'NIGERIA', 'KATSINA', 'BAKORI', 26),
(68, 'UMMA-SALMA', '', 'HABIBU', 'KA/18/70167', '08044621233', 'MASKA ROAD', 'NIGERIA', 'KATSINA', 'BAKORI', 26),
(69, 'ABUBAKAR', '', 'SALISU', 'KA/18/85868', '07035862868', 'NO 23 DANJA ROAD', 'NIGERIA', 'KATSINA', 'BAKORI', 25),
(70, 'ABDULLAHI', '', 'MANSUR', 'KA/18/18969', '07064228424', 'KURAMI', 'NIGERIA', 'KATSINA', 'BAKORI', 25),
(71, 'MUHAMMAD', 'BARE', 'YUSUF', 'KA/18/60070', '08164369889', 'DUTSEN-REME', 'NIGERIA', 'KATSINA', 'BAKORI', 25),
(72, 'ABDULRAHMAN', '', 'RUFAI', 'KA/18/21871', '07030181216', 'KAHUTU ROAD', 'NIGERIA', 'KATSINA', 'BAKORI', 25),
(73, 'AHMAD', 'BAKORI', 'MUHAMMAD', 'KA/18/85272', '', 'BAKORI', 'NIGERIA', 'KATSINA', 'BAKORI', 25),
(74, 'IBRAHIM', 'INUWA', 'ILIYA', 'KA/18/31673', '0805694850', 'NO 3 MAKAMA RD', 'NIGERIA', 'KATSINA', 'FUNTUA', 25),
(75, 'JAAFAR', '', 'JAAFAR', 'KA/18/36974', '07035062548', 'NO 6 NADABO RD', 'NIGERIA', 'KATSINA', 'BAKORI', 25),
(76, 'MUHAMMAD', 'AKILU', 'BELLO', 'KA/18/93875', '08064359476', 'BAKORI', 'NIGERIA', 'KATSINA', 'BAKORI', 25),
(77, 'SUNUSI', '', 'AMINU', 'KA/18/14776', '08069226678', 'AMINCHI ROAD', 'NIGERIA', 'KATSINA', 'BAKORI', 25),
(78, 'MAHMUD', '', 'JIBRIL', 'KA/18/96577', '07061249277', 'NO 5 MASANAWA RD', 'NIGERIA', 'KATSINA', 'BAKORI', 25),
(79, 'SULEIMAN', 'B', 'ABDULLAHI', 'KA/18/55878', '', 'BAKORI', 'NIGERIA', 'KATSINA', 'BAKORI', 25),
(80, 'UMAR', 'YARO', 'IBRAHIM', 'KA/18/57379', '07036858382', 'SABUWAR ABUJA', 'NIGERIA', 'KATSINA', 'BAKORI', 25),
(81, 'USMAN', '', 'ABUBAKAR', 'KA/18/87380', '07030325812', 'MAKERA', 'NIGERIA', 'KATSINA', 'BAKORI', 25),
(82, 'UZAIRU', '', 'TUKUR', 'KA/18/62381', '08030047890', 'MARABAR DANJA', 'NIGERIA', 'KATSINA', 'BAKORI', 25),
(83, 'YUSUF', 'KURAMI', 'KABIR', 'KA/18/54082', '07068865570', 'KURAMI', 'NIGERIA', 'KATSINA', 'BAKORI', 25),
(84, 'ZAHARADDEEN', '', 'UMAR', 'KA/18/50183', '08176066802', 'FUNTUA', 'NIGERIA', 'KATSINA', 'FUNTUA', 25),
(85, 'ABDULLAHI', '', 'ISAH', 'KA/18/69984', '07063568681', 'MADAWAKI RD', 'NIGERIA', 'KATSINA', 'BAKORI', 25),
(86, 'NASIR', '', 'ABDULLAHI', 'KA/18/89085', '07038777197', 'KURAMI', 'NIGERIA', 'KATSINA', 'BAKORI', 25),
(87, 'ABUBAKAR', 'NAUWALE', 'MUHAMMAD', 'KA/18/90086', '07037776880', 'DUTSEN-REME', 'NIGERIA', 'KATSINA', 'BAKORI', 25),
(88, 'YUSUF', 'HUSSAIN', 'SHUAIBU', 'KA/18/29587', '08069672328', 'TARZANA', 'NIGERIA', 'KATSINA', 'BAKORI', 25),
(89, 'MAHMUD', '', 'AMINU', 'KA/18/17088', '', 'BAKORI', 'NIGERIA', 'KATSINA', 'BAKORI', 25),
(90, 'NASIR', 'NASIR', 'IBRAHIM', 'KA/18/52489', '07039018836', 'KATSINA RD', 'NIGERIA', 'KATSINA', 'BAKORI', 25),
(91, 'IBRAHIM', '', 'USMAN', 'KA/18/41290', '08065493294', 'NABUKKA', 'NIGERIA', 'KATSINA', 'BAKORI', 25),
(92, 'USMAN', 'M', 'YAHAYA', 'KA/18/81891', '08032742327', 'BAKORI', 'NIGERIA', 'KATSINA', 'BAKORI', 25),
(93, 'AL-AMIN', '', 'ISMAIL', 'KA/18/34392', '08036133118', 'FUNTUA', 'NIGERIA', 'KATSINA', 'FUNTUA', 25),
(94, 'ASIYA', '', 'YUSUF', 'KA/18/95393', '07033413239', 'KOFAR FADA', 'NIGERIA', 'KATSINA', 'BAKORI', 25),
(95, 'AMINA', 'BALA', 'SANI', 'KA/18/97794', '08069725522', 'KAKUMI RD', 'NIGERIA', 'KATSINA', 'FUNTUA', 25),
(96, 'ASMAU', '', 'RAYYANU', 'KA/18/63895', '', 'BAKORI', 'NIGERIA', 'KATSINA', 'BAKORI', 25),
(97, 'AISHA', '', 'MUKHTAR', 'KA/18/77196', '08063596553', 'SAJOR RD', 'NIGERIA', 'KATSINA', 'FUNTUA', 25),
(98, 'HAUWAU', 'IBRAHIM', 'HASSAN', 'KA/18/54497', '07063626376', 'SOKOTO RD', 'NIGERIA', 'KATSINA', 'FUNTUA', 25),
(99, 'HAUWAU', '', 'AHMAD', 'KA/18/55898', '', 'FUNTUA', 'NIGERIA', 'KATSINA', 'FUNTUA', 25),
(100, 'HAFSAT', '', 'SHEHU', 'KA/18/51699', '', 'FUNTUA', 'NIGERIA', 'KATSINA', 'FUNTUA', 25),
(101, 'MARYAM', '', 'ABDULRAHMAN', 'KA/18/280100', '08030293773', 'BCGA', 'NIGERIA', 'KATSINA', 'FUNTUA', 25),
(102, 'NUSAIBA', '', 'ABDULLAHI', 'KA/18/243101', '', 'FUNTUA', 'NIGERIA', 'KATSINA', 'FUNTUA', 25),
(103, 'HAUWAU', '', 'AMINU', 'KA/18/477102', '', 'BAKORI', 'NIGERIA', 'KATSINA', 'BAKORI', 25),
(104, 'ASMAU', 'ABDULLAHI', 'AMINU', 'KA/18/539103', '07066685618', 'TSOHUWAR KASUWA', 'NIGERIA', 'KATSINA', 'BAKORI', 25),
(106, 'MARYAM', '', 'KABIR', 'KA/18/101104', '07035210442', 'SABUWAR ABUJA', 'NIGERIA', 'KATSINA', 'FUNTUA', 25),
(107, 'BILKISU', '', 'SURAJO', 'KA/18/839105', '', 'FUNTUA', 'NIGERIA', 'KATSINA', 'FUNTUA', 25),
(108, 'HALIMATU', '', 'SUFIYANU', 'KA/18/409106', '08066224429', 'UNGUWAR TOFA', 'NIGERIA', 'KATSINA', 'BAKORI', 25),
(109, 'AMRATU', 'SANI', 'ABDULKADIR', 'KA/18/589107', '08066224429', 'BAKORI', 'NIGERIA', 'KATSINA', 'BAKORI', 25),
(110, 'KHADIJA', '', 'MAHAMMAD', 'KA/18/166108', '', 'BAKORI', 'NIGERIA', 'KATSINA', 'BAKORI', 25),
(132, 'ALIYU', '', 'ABDULBASIR', 'KA/18/523130', '08069289807', 'FUNTUA', 'NIGERIA', 'KATSINA', 'FUNTUA', 31),
(133, 'IBRAHIM', 'YUSUF', 'KABIR', 'KA/18/396131', '08039658344', 'MAKERA', 'NIGERIA', 'KATSINA', 'FUNTUA', 31),
(134, 'ISHAQ', '', 'MAHMOOD', 'KA/18/569132', '08080818277', 'KURAMI', 'NIGERIA', 'KATSINA', 'BAKORI', 31),
(135, 'ISAH', 'INUWA', 'ALIYU', 'KA/18/834133', '08065948509', 'FUNTUA', 'NIGERIA', 'KATSINA', 'FUNTUA', 31),
(136, 'AMINU', '', 'SANI', 'KA/18/754134', '', 'BAKORI', 'NIGERIA', 'KATSINA', 'BAKORI', 31),
(137, 'YAZID', '', 'ABDULLAHI', 'KA/18/214135', '08062433238', 'BAKORI', 'NIGERIA', 'KATSINA', 'BAKORI', 31),
(152, 'FATIMA', 'MAKURDA', 'BELLO', 'KA/18/196150', '08065272974', 'FUNTUA', 'NIGERIA', 'KATSINA', 'FUNTUA', 31),
(153, 'SAFIYA', 'KANKIA', 'DALHA', 'KA/18/810151', '07039700726', 'BAKORI', 'NIGERIA', 'KATSINA', 'BAKORI', 31),
(154, 'SHAMSIYYA', '', 'HAMISU', 'KA/18/836152', '08038073751', 'KABOMO', 'NIGERIA', 'KATSINA', 'BAKORI', 31),
(155, 'ABDULLAHI', 'USMAN', 'DAYYABU', 'KA/18/618153', '08002887019', 'FUNTUA', 'NIGERIA', 'KATSINA', 'FUNTUA', 30),
(156, 'AMINU', '', 'BASHIR', 'KA/18/396154', '09030072770', 'BAKORI', 'NIGERIA', 'KATSINA', 'BAKORI', 30),
(157, 'ALIYU', '', 'TUKUR', 'KA/18/735155', '', 'FUNTUA', 'NIGERIA', 'KATSINA', 'FUNTUA', 30),
(158, 'ALAMIN', 'ALTI', 'MURTALA', 'KA/18/741156', '08032311111', 'FUNTUA', 'NIGERIA', 'KATSINA', 'FUNTUA', 30),
(159, 'ABDULLAHI', 'A', 'MUKHTAR', 'KA/18/963157', '08034585121', 'FUNTUA', 'NIGERIA', 'KATSINA', 'FUNTUA', 30),
(160, 'ABDULMALIK', '', 'MUKHTAR', 'KA/18/337158', '07038249307', 'BAKORI', 'NIGERIA', 'KATSINA', 'BAKORI', 30),
(161, 'ABUBAKAR', 'GARBA', 'ABDULKADIR', 'KA/18/198159', '09063175994', 'FUNTUA', 'NIGERIA', 'KATSINA', 'FUNTUA', 30),
(162, 'ADAMU', 'ATIKU', 'SAGIR', 'KA/18/761160', '07082583031', 'BAKORI', 'NIGERIA', 'KATSINA', 'BAKORI', 30),
(163, 'AHMAD', 'SANI', 'BUKARI', 'KA/18/975161', '08033204851', 'BAKORI', 'NIGERIA', 'KATSINA', 'BAKORI', 30),
(164, 'ABUBAKAR', 'AJIYA', 'NURA', 'KA/18/529162', '08065514893', 'BAKORI', 'NIGERIA', 'KATSINA', 'BAKORI', 30),
(165, 'HAFIZ', '', 'IBRAHIM', 'KA/18/484163', '08032165674', 'BAKORI', 'NIGERIA', 'KATSINA', 'BAKORI', 30),
(166, 'IDRIS', '', 'IDRIS', 'KA/18/184164', '08133627620', 'BAKORI', 'NIGERIA', 'KATSINA', 'BAKORI', 30),
(167, 'ISMAIL', '', 'MUKHTAR', 'KA/18/718165', '08094741486', 'BAKORI', 'NIGERIA', 'KATSINA', 'BAKORI', 30),
(168, 'JABIR', 'MUSTAPHA', 'ALIYU', 'KA/18/292166', '07064828993', 'BAKORI', 'NIGERIA', 'KATSINA', 'BAKORI', 30),
(169, 'MUBARAK', '', 'ABDULBASIR', 'KA/18/987167', '08068986907', 'BAKORI', 'NIGERIA', 'KATSINA', 'BAKORI', 30),
(170, 'MUHAMMAD', 'ADO', 'MUSTAPHA', 'KA/18/924168', '08039738584', 'FUNTUA', 'NIGERIA', 'KATSINA', 'FUNTUA', 30),
(171, 'MUSA', 'SANDA', 'IBRAHIM', 'KA/18/880169', '08130339789', 'BAKORI', 'NIGERIA', 'KATSINA', 'BAKORI', 30),
(172, 'MUHAMMAD', 'BELLO', 'MUSTAPHA', 'KA/18/510170', '07016300759', 'BAKORI', 'NIGERIA', 'KATSINA', 'BAKORI', 30),
(173, 'MUSBAHU', '', 'YA\'U', 'KA/18/642171', '08142706938', 'BAKORI', 'NIGERIA', 'KATSINA', 'BAKORI', 30),
(174, 'NAGOGGO', '', 'HAMISU', 'KA/18/158172', '08140983002', 'BAKORI', 'NIGERIA', 'KATSINA', 'BAKORI', 30),
(175, 'NAIM', '', 'SHEHU', 'KA/18/925173', '08066659608', 'BAKORI', 'NIGERIA', 'KATSINA', 'BAKORI', 30),
(176, 'SALISU', 'IBRAHIM', 'SALIS', 'KA/18/128174', '08135367267', 'BAKORI', 'NIGERIA', 'KATSINA', 'BAKORI', 30),
(177, 'USMAN', '', 'TUKUR', 'KA/18/250175', '08039302127', 'BAKORI', 'NIGERIA', 'KATSINA', 'BAKORI', 30),
(178, 'USMAN', '', 'SALISU', 'KA/18/136176', '', 'BAKORI', 'NIGERIA', 'KATSINA', 'BAKORI', 30),
(179, 'YAHUZA', 'YAHUZA', 'YUSUF', 'KA/18/597177', '08032966971', 'BAKORI', 'NIGERIA', 'KATSINA', 'BAKORI', 30),
(180, 'AHMAD', 'S', 'AHMAD', 'KA/18/480178', '07015021677', 'BAKORI', 'NIGERIA', 'KATSINA', 'BAKORI', 30),
(181, 'AISHA', '', 'ABDULRAHMAN', 'KA/18/195179', '08039203773', 'FUNTUA', 'NIGERIA', 'KATSINA', 'FUNTUA', 30),
(182, 'BILKISU', '', 'BASHIR', 'KA/18/128180', '', 'BAKORI', 'NIGERIA', 'KATSINA', 'BAKORI', 30),
(183, 'FATIMA', '', 'UMAR', 'KA/18/210181', '07068310799', 'FUNTUA', 'NIGERIA', 'KATSINA', 'FUNTUA', 30),
(184, 'RALIYA', 'SHEHU', 'HABIB', 'KA/18/827182', '07036295571', 'BAKORI', 'NIGERIA', 'KATSINA', 'BAKORI', 30),
(185, 'HAJARA', 'SADIQ', 'ADAMU', 'KA/18/820183', '', 'BAKORI', 'NIGERIA', 'KATSINA', 'BAKORI', 30),
(186, 'NAJA\'ATU', 'S', 'GIMBA', 'KA/18/666184', '0803420806', 'KURAMI', 'NIGERIA', 'KATSINA', 'BAKORI', 30),
(187, 'SAFINATU', 'MUSA', 'AHMAD', 'KA/18/652185', '09037655031', 'FUNTUA', 'NIGERIA', 'KATSINA', 'FUNTUA', 30),
(188, 'SARATU', '', 'YUSUF', 'KA/18/470186', '07010964003', 'BAKORI', 'NIGERIA', 'KATSINA', 'BAKORI', 30),
(189, 'UMMUL-KHAIRI', '', 'HABIB', 'KA/18/136187', '08062441233', 'BAKORI', 'NIGERIA', 'KATSINA', 'BAKORI', 30),
(190, 'ZAINAB', 'LAWAL', 'AHMAD', 'KA/18/848188', '07037673252', 'BAKORI', 'NIGERIA', 'KATSINA', 'BAKORI', 30),
(191, 'FATIMA', 'JANI', 'MASRUF', 'KA/18/228189', '08065984490', 'FUNTUA', 'NIGERIA', 'KATSINA', 'FUNTUA', 30),
(192, 'ABUBAKAR', 'SADIQ', 'AMINU', 'KA/18/960190', '08068521961', 'BAKORI', 'NIGERIAN', 'KATSINA', 'BAKORI', 24),
(193, 'ALIYU', '', 'ISMAIL', 'KA/18/138191', '', 'FUNTUA', 'NIGERIAN', 'KATSINA', 'FUNTUA', 24),
(194, 'ABUBAKAR', '', 'MUSA', 'KA/18/312192', '08033762370', 'BAKORI', 'NIGERIAN', 'KATSINA', 'BAKORI', 24),
(195, 'ATIKU', '', 'SULAIMAN', 'KA/18/850193', '', 'BAKORI', 'NIGERIAN', 'KATSINA', 'BAKORI', 24),
(196, 'ALIYU', '', 'KABIR', 'KA/18/727194', '08061666797', 'BAKORI', 'NIGERIAN', 'KATSINA', 'BAKORI', 24),
(197, 'ABDULLAHI', 'IBRAHIM', 'ISMAIL', 'KA/18/886195', '08065467445', 'FUNTUA', 'NIGERIAN', 'KATSINA', 'FUNTUA', 24),
(198, 'ALIYU', 'BAKORI', 'BELLO', 'KA/18/252196', '08083437037', 'BAKORI', 'NIGERIAN', 'KATSINA', 'BAKORI', 24),
(199, 'AL-AMIN', '', 'SULEIMAN', 'KA/18/297197', '08134066723', 'BAKORI', 'NIGERIAN', 'KATSINA', 'BAKORI', 24),
(200, 'ALIYU', '', 'BUHARI', 'KA/18/299198', '', 'BAKORI', 'NIGERIAN', 'KATSINA', 'BAKORI', 24),
(201, 'ALIYU', 'LITI', 'SANI', 'KA/18/192199', '08033074322', 'BAKORI', 'NIGERIAN', 'KATSINA', 'BAKORI', 24),
(202, 'IBRAHIM', '', 'KHALID', 'KA/18/263200', '08133294837', 'FUNTUA', 'NIGERIAN', 'KATSINA', 'FUNTUA', 24),
(203, 'MUHAMMAD', 'T', 'MUKHTAR', 'KA/18/721201', '08022322708', 'BAKORI', 'NIGERIAN', 'KATSINA', 'BAKORI', 24),
(204, 'MUSTAPHA', '', 'IDRIS', 'KA/18/374202', '09028267180', 'BAKORI', 'NIGERIAN', 'KATSINA', 'BAKORI', 24),
(205, 'MUSTAPHA', '', 'MUHAMMAD', 'KA/18/881203', '08036802959', 'FGGC BAKORI', 'NIGERIAN', 'KATSINA', 'BAKORI', 24),
(206, 'NASIR', '', 'UMAR', 'KA/18/744204', '08067949187', 'BAKORI', 'NIGERIAN', 'KATSINA', 'BAKORI', 24),
(207, 'NASIR', 'NASIR', 'IBRAHIM', 'KA/18/129205', '08060235378', 'FUNTUA', 'NIGERIAN', 'KATSINA', 'FUNTUA', 24),
(209, 'SHAHID', 'DABAI', 'SHEHU', 'KA/18/731206', '08065428894', 'FUNTUA', 'NIGERIAN', 'KATSINA', 'FUNTUA', 24),
(210, 'SALISU', '', 'USMAN', 'KA/18/876207', '08060770844', 'FUNTUA', 'NIGERIAN', 'KATSINA', 'FUNTUA', 24),
(211, 'SULAIMAN', '', 'SANI', 'KA/18/167208', '08145666995', 'BAKORI', 'NIGERIAN', 'KATSINA', 'BAKORI', 24),
(212, 'UMAR', 'BARDE', 'ISMAIL', 'KA/18/290209', '08065717920', 'BAKORI', 'NIGERIAN', 'KATSINA', 'BAKORI', 24),
(213, 'ASMAU', '', 'SULEIMAN', 'KA/18/685210', '08068759615', 'BAKORI', 'NIGERIAN', 'KATSINA', 'BAKORI', 24),
(214, 'UMAR', '', 'SABE', 'KA/18/982211', '08094002193', 'BAKORI', 'NIGERIAN', 'KATSINA', 'BAKORI', 24),
(215, 'AISHA', '', 'MASRUF', 'KA/18/685212', '08065984490', 'FUNTUA', 'NIGERIAN', 'KATSINA', 'FUNTUA', 24),
(216, 'FATIMA', '', 'NASIR', 'KA/18/244213', '08067913723', 'BAKORI', 'NIGERIAN', 'KATSINA', 'BAKORI', 24),
(217, 'FATIMA', '', 'ABDULKADIR', 'KA/18/965214', '08169752334', 'BAKORI', 'NIGERIAN', 'KATSINA', 'BAKORI', 24),
(218, 'FATIMA', '', 'MUSA', 'KA/18/730215', '07061198916', 'BAKORI', 'NIGERIAN', 'KATSINA', 'BAKORI', 24),
(219, 'HALIMATU', '', 'BILYAMINU', 'KA/18/552216', '07037171000', 'BAKORI', 'NIGERIAN', 'KATSINA', 'BAKORI', 24),
(220, 'HABIBA', '', 'ABDULLAHI', 'KA/18/788217', '08036218001', 'BAKORI', 'NIGERIAN', 'KATSINA', 'BAKORI', 24),
(221, 'HAUWAU', 'AJIYA', 'IBRAHIM', 'KA/18/378218', '08061257417', 'BAKORI', 'NIGERIAN', 'KATSINA', 'BAKORI', 24),
(222, 'HAUWAU', 'MARAFA', 'LAWAL', 'KA/18/587219', '08060770693', 'BAKORI', 'NIGERIAN', 'KATSINA', 'BAKORI', 24),
(223, 'MARYAM', '', 'ALIYU', 'KA/18/442220', '08161952031', 'BAKORI', 'NIGERIAN', 'KATSINA', 'BAKORI', 24),
(224, 'MARYAM', '', 'ABUBAKAR', 'KA/18/802221', '07065780278', 'BAKORI', 'NIGERIAN', 'KATSINA', 'BAKORI', 24),
(225, 'NAFISA', '', 'YUSUF', 'KA/18/609222', '08066064480', 'BAKORI', 'NIGERIAN', 'KATSINA', 'BAKORI', 24),
(226, 'NUSAIBA', '', 'SHUAIBU', 'KA/18/741223', '07039532150', 'FUNTUA', 'NIGERIAN', 'KATSINA', 'FUNTUA', 24),
(227, 'SAFIYYA', '', 'ISAM', 'KA/18/881224', '08052555175', 'BAKORI', 'NIGERIAN', 'KATSINA', 'BAKORI', 24),
(228, 'ZAINAB', '', 'YUSUF', 'KA/18/933225', '07034688344', 'BAKORI', 'NIGERIAN', 'KATSINA', 'BAKORI', 24),
(229, 'AISHA', '', 'ABDULKADIR', 'KA/18/548226', '08032983534', 'BAKORI', 'NIGERIAN', 'KATSINA', 'BAKORI', 24),
(230, 'ZAIMAN', 'BELLO', 'MANSIR', 'KA/18/817227', '08160546267', 'BAKORI', 'NIGERIAN', 'KATSINA', 'BAKORI', 24),
(232, 'ABDULLAHI', 'KURAMI', 'BELLO', 'KA/18/237229', '07036162992', 'KURAMI', 'NIGERIAN', 'KATSINA', 'BAKORI', 33),
(233, 'ADAMU', '', 'BELLO', 'KA/18/442230', '07087683299', 'BAKORI', 'NIGERIAN', 'KATSINA', 'BAKORI', 33),
(234, 'AMINU', '', 'YA\'U', 'KA/18/966231', '08174023973', 'BAKORI', 'NIGERIAN', 'KATSINA', 'BAKORI', 33),
(235, 'BELLO', '', 'ABDULLAHI', 'KA/18/600232', '08062555139', 'BAKORI', 'NIGERIAN', 'KATSINA', 'BAKORI', 33),
(236, 'FAISAL', '', 'BUHARI', 'KA/18/393233', '07039255065', 'BAKORI', 'NIGERIAN', 'KATSINA', 'BAKORI', 33),
(237, 'GALADIMA', 'AMINU', 'MUHAMMAD', 'KA/18/974234', '09038684567', 'BAKORI', 'NIGERIAN', 'KATSINA', 'BAKORI', 33),
(238, 'MUHAMMAD', 'WAZIRI', 'HASSAN', 'KA/18/543235', '08068106000', 'BAKORI', 'NIGERIAN', 'KATSINA', 'BAKORI', 33),
(239, 'NASIR', 'BELLO', 'NASIR', 'KA/18/396236', '08160546267', 'BAKORI', 'NIGERIAN', 'KATSINA', 'BAKORI', 33),
(240, 'RIDWAN', '', 'USMAN', 'KA/18/400237', '08069228211', 'BAKORI', 'NIGERIAN', 'KATSINA', 'BAKORI', 33),
(241, 'SALIM', '', 'ABUBAKAR', 'KA/18/165238', '07038590078', 'BAKORI', 'NIGERIAN', 'KATSINA', 'BAKORI', 33),
(242, 'UMAR', 'GARBA', 'MAHMUD', 'KA/18/821239', '07033449546', 'BAKORI', 'NIGERIAN', 'KATSINA', 'BAKORI', 33),
(243, 'YUSUF', '', 'ABDULRAZAK', 'KA/18/160240', '08039658315', 'FUNTUA', 'NIGERIAN', 'KATSINA', 'FUNTUA', 33),
(244, 'ALIYU', '', 'USMAN', 'KA/18/396241', '07038020829', 'BAKORI', 'NIGERIAN', 'KATSINA', 'BAKORI', 33),
(245, 'MUHAMMAD', '', 'LAWAL', 'KA/18/759242', '09061126794', 'BAKORI', 'NIGERIAN', 'KATSINA', 'BAKORI', 33),
(246, 'YUSUF', 'MUHAMMAD', 'ABDULMALIK', 'KA/18/271243', '07069025674', 'BAKORI', 'NIGERIAN', 'KATSINA', 'BAKORI', 33),
(247, 'FATIMA', 'KHALIL', 'USMAN', 'KA/18/628244', '07038238387', 'BAKORI', 'NIGERIAN', 'KATSINA', 'BAKORI', 33),
(248, 'HAUWA\'U', 'SADIQ', 'ABUBAKAR', 'KA/18/854245', '08066990878', 'BAKORI', 'NIGERIAN', 'KATSINA', 'BAKORI', 33),
(249, 'KHADIJA', 'ABDULLAHI', 'AMINU', 'KA/18/877246', '090606227911', 'BAKORI', 'NIGERIAN', 'KATSINA', 'BAKORI', 33),
(250, 'KHADIJA', 'USMAN', 'AMINU', 'KA/18/236247', '07034511550', 'BAKORI', 'NIGERIAN', 'KATSINA', 'BAKORI', 33),
(251, 'MURJANATU', 'B', 'MUHAMMAD', 'KA/18/482248', '08025987641', 'KURAMI', 'NIGERIAN', 'KATSINA', 'BAKORI', 33),
(252, 'SHAHIDA', 'MUHAMMAD', 'MUAZU', 'KA/18/122249', '08034388087', 'BAKORI', 'NIGERIAN', 'KATSINA', 'BAKORI', 33),
(253, 'SIDDIQA', 'MUHAMMAD', 'MUAZU', 'KA/18/777250', '08034388087', 'BAKORI', 'NIGERIAN', 'KATSINA', 'BAKORI', 33),
(254, 'ZAKIYYA', '', 'IDRIS', 'KA/18/471251', '07064951172', 'BAKORI', 'NIGERIAN', 'KATSINA', 'BAKORI', 33),
(255, 'ABDULAZIZ', '', 'ABDULHAMID', 'KA/18/839252', '08032951970', 'FUNTUA', 'NIGERIAN', 'KATSINA', 'FUNTUA', 32),
(256, 'AHMAD', '', 'IBRAHIM', 'KA/18/626253', '08084607583', 'FUNTUA', 'NIGERIAN', 'KATSINA', 'FUNTUA', 32),
(257, 'ABUBAKAR', '', 'SAIDU', 'KA/18/643254', '08020590540', 'BAKORI', 'NIGERIAN', 'KATSINA', 'BAKORI', 32),
(258, 'MURTALA', 'M', 'MURTALA', 'KA/18/766255', '07060421322', 'BAKORI', 'NIGERIAN', 'KATSINA', 'BAKORI', 32),
(259, 'SANUSI', '', 'ABUBAKAR', 'KA/18/625256', '08145125016', 'BAKORI', 'NIGERIAN', 'KATSINA', 'BAKORI', 32),
(260, 'AHMED', 'AHMED', 'ANAS', 'KA/18/522256', '08162715768', 'BAKORI', 'NIGERIAN', 'KATSINA', 'BAKORI', 29),
(261, 'AHMED', '', 'AUWAL', 'KA/18/254257', '', 'TARZANA', 'NIGERIAN', 'KATSINA', 'BAKORI', 29),
(262, 'AMIRU', '', 'RABIU', 'KA/18/409258', '08138199744', 'KURAMI', 'NIGERIAN', 'KATSINA', 'BAKORI', 29),
(263, 'MUHAMMAD', '', 'YAKUBA', 'KA/18/835259', '08036934032', 'DUTSEN-REME', 'NIGERIAN', 'KATSINA', 'BAKORI', 29),
(264, 'MUHAMMAD', '', 'MUKHTAR', 'KA/18/751260', '08061392808', 'DUTSEN-REME', 'NIGERIAN', 'KATSINA', 'BAKORI', 29),
(265, 'MUHAMMAD', 'KHALIL', 'ALI', 'KA/18/953261', '08036117652', 'DUTSEN-REME', 'NIGERIAN', 'KATSINA', 'BAKORI', 29),
(266, 'UMAR-FARUK', '', 'USMAN', 'KA/18/849262', '08064672006', 'FGGC BAKORI', 'NIGERIAN', 'KATSINA', 'BAKORI', 29),
(267, 'USMAN', 'AUTA', 'LAWAL', 'KA/18/732263', '08030638889', 'FUNTUA', 'NIGERIAN', 'KATSINA', 'FUNTUA', 29),
(268, 'USMAN', '', 'ABDULKADIR', 'KA/18/515264', '08169572334', 'KURAMI', 'NIGERIAN', 'KATSINA', 'BAKORI', 29),
(269, 'USMAN', 'BARDE', 'ISMAIL', 'KA/18/151265', '08065717920', 'DUTSEN-REME', 'NIGERIAN', 'KATSINA', 'BAKORI', 29),
(270, 'USMAN', 'TANIMU', 'NASIR', 'KA/18/364266', '08035922943', 'DUTSEN-REME', 'NIGERIAN', 'KATSINA', 'BAKORI', 29),
(271, 'UMAR', 'ADO', 'BALA', 'KA/18/331267', '07068137170', 'MARABAR DANJA', 'NIGERIAN', 'KATSINA', 'BAKORI', 29),
(272, 'USMAN', 'M', 'ABDULRASHID', 'KA/18/134268', '08068087111', 'FUNTUA', 'NIGERIAN', 'KATSINA', 'FUNTUA', 29),
(273, 'UMMAR', '', 'SAEED', 'KA/18/816269', '08020590540', 'BAKORI', 'NIGERIAN', 'KATSINA', 'BAKORI', 29),
(274, 'UMAR', 'ABDULLAHI', 'TUKUR', 'KA/18/804270', '08063347678', 'BAKORI', 'NIGERIAN', 'KATSINA', 'BAKORI', 29),
(275, 'YUSUF', 'YUSUF', 'RABIU', 'KA/18/492271', '08060141610', 'MAKERA', 'NIGERIAN', 'KATSINA', 'FUNTUA', 29),
(276, 'AUWAL', '', 'ISAH', 'KA/18/728272', '', 'BAKORI', 'NIGERIAN', 'KATSINA', 'BAKORI', 29),
(277, 'MUSBAHU', '', 'YUSUF', 'KA/18/621273', '', 'FUNTUA', 'NIGERIAN', 'KATSINA', 'FUNTUA', 29),
(278, 'IMRANA', '', 'ABUBAKAR', 'KA/18/675274', '07066709970', 'KURAMI', 'NIGERIAN', 'KATSINA', 'BAKORI', 29),
(279, 'ABDULRAHIM', '', 'AUWAL', 'KA/18/513275', '08132044105', 'BAKORI', 'NIGERIAN', 'KATSINA', 'BAKORI', 29),
(280, 'ABDULHAKIM', '', 'BASHIR', 'KA/18/430276', '08148708563', 'BAKORI', 'NIGERIAN', 'KATSINA', 'BAKORI', 29),
(281, 'UMAR', '', 'MUHAMMED', 'KA/18/142277', '', 'BAKORI', 'NIGERIAN', 'KATSINA', 'BAKORI', 29),
(282, 'UMMU-AIMAN', '', 'ABDULRAHMAN', 'KA/18/835278', '08152344905', 'DUTSEN-REME', 'NIGERIAN', 'KATSINA', 'BAKORI', 29),
(283, 'FARDAUSI', 'LAWAL', 'ABUBAKAR', 'KA/18/370279', '08030551924', 'DUTSEN-REME', 'NIGERIAN', 'KATSINA', 'BAKORI', 29),
(284, 'FATIMA', '', 'ADAMU', 'KA/18/306280', '', 'DUTSEN-REME', 'NIGERIAN', 'KATSINA', 'BAKORI', 29),
(285, 'AISHA', 'LADAN', 'DAHIRU', 'KA/18/490281', '08069648884', 'DUTSEN-REME', 'NIGERIAN', 'KATSINA', 'BAKORI', 29),
(286, 'ZAINAB', 'RABEJI', 'ISAH', 'KA/18/633282', '08035865604', 'DUTSEN-REME', 'NIGERIAN', 'KATSINA', 'BAKORI', 29),
(287, 'AISHA', 'AHMED', 'SANI', 'KA/18/160283', '08065508220', 'FGGC BAKORI', 'NIGERIAN', 'KATSINA', 'BAKORI', 29),
(288, 'HAFSAT', '', 'SHEHU', 'KA/18/621284', '07037333592', 'DUTSEN-REME', 'NIGERIAN', 'KATSINA', 'BAKORI', 29),
(289, 'SAADATU', '', 'SULAIMAN', 'KA/18/335285', '08066003849', 'FUNTUA', 'NIGERIAN', 'KATSINA', 'FUNTUA', 29),
(290, 'HAUWAU', '', 'ABDULLAHI', 'KA/18/225286', '08039618130', 'FUNTUA', 'NIGERIAN', 'KATSINA', 'FUNTUA', 29),
(291, 'AMINA', '', 'ABDULRASHID', 'KA/18/774287', '07030702681', 'KURAMI', 'NIGERIAN', 'KATSINA', 'KURAMI', 29),
(292, 'ABDULKADIR', '', 'MUHSIN', 'KA/18/309288', '08065510806', 'DUTSEN REME', 'NIGERIA', 'KATSINA', 'BAKORI', 27),
(293, 'AL-AMIN', '', 'AMINU', 'KA/18/298289', '', 'BAKORI', 'NIGERIA', 'KATSINA', 'BAKORI', 27),
(294, 'ABUBAKAR', '', 'MUKTAR', 'KA/18/547290', '', 'BAKORI', 'NIGERIA', 'KATSINA', 'BAKORI', 27),
(295, 'ALIYU', '', 'UMAR', 'KA/18/742291', '08065547393', 'DUTSEN REME', 'NIGERIA', 'KATSINA', 'BAKORI', 27),
(296, 'ABUBAKAR', '', 'NASIR', 'KA/18/715292', '08064646483', 'DUTSEN REME', 'NIGERIA', 'KATSINA', 'BAKORI', 27),
(297, 'ABDULHAKIM', '', 'YUSUF', 'KA/18/160293', '07068143937', 'BAKORI', 'NIGERIA', 'KATSINA', 'BAKORI', 27),
(298, 'ABDULRAHIM', '', 'SULAIMAN', 'KA/18/683294', '08109848839', 'FUNTUA', 'NIGERIA', 'KATSINA', 'FUNTUA', 27),
(299, 'ABDULMUHSIN', '', 'HABIB', 'KA/18/796295', '07066504866', 'BAKORI', 'NIGERIA', 'KATSINA', 'BAKORI', 27),
(300, 'MUHAMMED', '', 'ABUBAKAR', 'KA/18/652296', '09037306053', 'DUTSEN REME', 'NIGERIA', 'KATSINA', 'BAKORI', 27),
(301, 'ABUBAKAR', '', 'ADAM', 'KA/18/902297', '08060817846', 'DUTSEN REME', 'NIGERIA', 'KATSINA', 'BAKORI', 27),
(302, 'USMAN', '', 'RABIU', 'KA/18/503298', '08061554091', 'DUTSEN REME', 'NIGERIA', 'KATSINA', 'BAKORI', 27),
(303, 'ISAH', 'BAKORI', 'ISAH', 'KA/18/500299', '', 'DUTSEN REME', 'NIGERIA', 'KATSINA', 'BAKORI', 27),
(304, 'AHMAD', '', 'BILYAMINU', 'KA/18/277300', '07037171001', 'BAKORI', 'NIGERIA', 'KATSINA', 'BAKORI', 27),
(305, 'ABUBAKAR', '', 'FALALU', 'KA/18/255301', '09093960807', 'KURAMI', 'NIGERIA', 'KATSINA', 'BAKORI', 27),
(306, 'MUHAMMED', '', 'SHEHU', 'KA/18/987302', '08132193931', 'DUTSEN REME', 'NIGERIA', 'KATSINA', 'BAKORI', 27),
(307, 'ISMAIL', '', 'BASHIR', 'KA/18/194303', '', 'DUTSEN REME', 'NIGERIA', 'KATSINA', 'BAKORI', 27),
(308, 'IBRAHIM', '', 'YUSUF', 'KA/18/732304', '', 'DUTSEN REME', 'NIGERIA', 'KATSINA', 'BAKORI', 27),
(309, 'DIKKO', 'AUTA', 'LAWAL', 'KA/18/339305', '08030638889', 'FUNTUA', 'NIGERIA', 'KATSINA', 'FUNTUA', 27),
(310, 'DAHIRU', '', 'TUKUR', 'KA/18/606306', '08035558528', 'FUNTUA', 'NIGERIA', 'KATSINA', 'FUNTUA', 27),
(311, 'AHMED', '', 'RAYYANU', 'KA/18/558307', '08162624533', 'KURAMI', 'NIGERIA', 'KATSINA', 'BAKORI', 27),
(312, 'MUAZZAM', '', 'HASSAN', 'KA/18/142308', '', 'FUNTUA', 'NIGERIA', 'KATSINA', 'FUNTUA', 27),
(313, 'ISHAQ', '', 'NASIR', 'KA/18/512309', '08035966443', 'BAKORI', 'NIGERIA', 'KATSINA', 'BAKORI', 27),
(314, 'HABIBA', '', 'MANSUR', 'KA/18/517310', '08165532536', 'DUTSEN REME', 'NIGERIA', 'KATSINA', 'BAKORI', 27),
(315, 'RALIYA', '', 'HASSAN', 'KA/18/387311', '08068866568', 'KURAMI', 'NIGERIA', 'KATSINA', 'BAKORI', 27),
(317, 'KHADIJAT', '', 'ABDULLAHI', 'KA/18/595312', '08039357001', 'BAKORI', 'NIGERIA', 'KATSINA', 'BAKORI', 27),
(318, 'SAADATU', 'KABIR', 'ALIYU', 'KA/18/208313', '08038967799', 'BAKORI', 'NIGERIA', 'KATSINA', 'BAKORI', 27),
(319, 'BILKISU', '', 'ABUBAKAR', 'KA/18/866314', '08069554953', 'YAN KWANI', 'NIGERIA', 'KATSINA', 'BAKORI', 27),
(320, 'FATIMA', 'BELLO', 'MANSUR', 'KA/18/337315', '08160546267', 'BAKORI', 'NIGERIA', 'KATSINA', 'BAKORI', 27),
(321, 'SAFIYA', '', 'NURADDEEN', 'KA/18/181316', '08060192764', 'KURAMI', 'NIGERIA', 'KATSINA', 'BAKORI', 27),
(322, 'HAUWA U', '', 'SAADU', 'KA/18/536317', '08160545542', 'KURAMI', 'NIGERIA', 'KATSINA', 'BAKORI', 27),
(323, 'AMINA', '', 'URWATU', 'KA/18/126318', '07030737258', 'KURAMI', 'NIGERIA', 'KATSINA', 'BAKORI', 27),
(324, 'HAUWA U', '', 'IBRAHIM', 'KA/18/104319', '08069335501', 'FGGC BAKORI', 'NIGERIA', 'KATSINA', 'BAKORI', 27),
(325, 'AISHA', '', 'LAWAL', 'KA/18/867320', '07031327723', 'KURAMI', 'NIGERIA', 'KATSINA', 'BAKORI', 27),
(326, 'KHADIJAT', '', 'NURADDEEN', 'KA/18/289321', '08034595692', 'DUTSEN REME', 'NIGERIA', 'KATSINA', 'BAKORI', 27),
(327, 'MARYAM', '', 'MUHAMMAD', 'KA/18/147322', '', 'BAKORI', 'NIGERIA', 'KATSINA', 'BAKORI', 27),
(328, 'SOPHIA', '', 'MARCUS', 'KA/18/735323', '', 'BAKORI', 'NIGERIAN', 'KATSINA', 'BAKORI', 34),
(329, 'SAFWAN', '', 'MUSBAHU', 'KA/18/999324', '', 'BAKORI', 'NIGERIAN', 'KATSINA', 'BAKORI', 34),
(330, 'MUHAMMAD', 'AYUBA', 'UMAR', 'KA/18/616325', '', 'BAKORI', 'NIGERIAN', 'KATSINA', 'BAKORI', 34),
(331, 'ABDULRAHMAN', '', 'SAFIYANU', 'KA/18/604326', '', 'BAKORI', 'NIGERIAN', 'KATSINA', 'BAKORI', 34),
(332, 'SADIQ', 'DAUDAWA', 'HASSAN', 'KA/18/303327', '', 'BAKORI', 'NIGERIAN', 'KATSINA', 'BAKORI', 34),
(333, 'KARIMA', '', 'TUKUR', 'KA/18/156328', '', 'BAKORI', 'NIGERIAN', 'KATSINA', 'BAKORI', 34),
(334, 'AISHA', 'DABAI', 'KABIR', 'KA/18/737329', '', 'BAKORI', 'NIGERIAN', 'KATSINA', 'BAKORI', 34),
(338, 'ZAINAB', 'YUSUF', 'AMINU', 'KA/18/837331', '07037673252', 'KURAMI', 'NIGERIA', 'KATSINA', 'BAKORI', 30),
(339, 'HAFSAT', '', 'YUSUF', 'KA/18/491332', '07036354377', 'BBAKORI', 'NIGERIA', 'KATSINA', 'BAKORI', 30),
(340, 'BADIATU', '', 'MANSUR', 'KA/18/527333', '08108212326', 'BAKORI', 'NIGERIA', 'KATSINA', 'BAKORI', 28),
(341, 'AMINA', '', 'MUHAMMAD', 'KA/18/447334', '', 'BAKORI', 'NIGERIA', 'KATSINA', 'BAKORI', 28),
(342, 'UMAR', 'MUKTAR', 'HUSSAINI', 'KA/18/734335', '', '', 'NIGERIA', 'KATSINA', '', 29),
(343, 'IBRAHIM', '', 'BUHARI', 'KA/18/455336', '', 'BAKORI', 'NIGERIAN', 'KATSINA', 'BAKORI', 26),
(344, 'USMAN', '', 'SULEIMAN', 'KA/18/730337', '', 'BAKORI', 'NIGERIAN', 'KATSINA', 'BAKORI', 26),
(345, 'ZAINAB', 'BELLO', 'YUSUF', 'KA/18/565338', '', 'BAKORI', 'NIGERIAN', 'KATSINA', 'BAKORI', 24),
(346, 'MUHAMMAD', 'I', 'IDRIS', 'KA/18/262339', '', 'BAKORI', 'NIGERIAN', 'KATSINA', 'BAKORI', 24);

-- --------------------------------------------------------

--
-- Table structure for table `subjects`
--

CREATE TABLE `subjects` (
  `id` int(11) NOT NULL,
  `Subject` varchar(45) DEFAULT NULL,
  `Section_id` int(11) NOT NULL
) ENGINE=InnoDB DEFAULT CHARSET=utf8;

--
-- Dumping data for table `subjects`
--

INSERT INTO `subjects` (`id`, `Subject`, `Section_id`) VALUES
(18, 'English', 2),
(19, 'Mathematics', 2),
(20, 'Science', 2),
(21, 'Social Studies', 2),
(25, 'English Lang', 3),
(26, 'Mathematics', 3),
(27, 'Agric Science', 3),
(28, 'Basic Science', 3),
(29, 'English Lang', 4),
(30, 'Mathematics', 4),
(31, 'Physics', 4),
(32, 'Chemistry', 4),
(33, 'Biology', 4),
(34, 'Hausa', 2),
(35, 'P.H.E', 2),
(36, 'Religious Instruction', 2),
(37, 'Creative Art &amp; Craft', 2),
(38, 'Quantitative Aptitude', 2),
(39, 'Writing', 2),
(40, 'Civic Education', 2),
(41, 'Computer', 2),
(42, 'Home Economics', 2),
(43, 'Agricultural Science', 2),
(44, 'Arabic', 2),
(46, 'BASIC TECHNOLOGY', 3),
(47, 'CIVIC EDUCATION', 3),
(48, 'BUSINESS STUDIES', 3),
(49, 'PHYSICAL AND HEALTH EDUCATION', 3),
(50, 'HAUSA', 3),
(51, 'ISLAMIC STUDIES', 3),
(52, 'SOCIAL STUDIES', 3),
(53, 'COMPUTER STUDIES', 3),
(54, 'CIVIC EDUCATION', 4),
(55, 'GOVERNMENT', 4),
(56, 'ECONOMICS', 4),
(57, 'GEOGRAPHY', 4),
(58, 'MARKETING', 4),
(59, 'ISLAMIC STUDIES', 4),
(60, 'ANIMAL HUSBANDRY', 4),
(61, 'HAUSA LANGUAGE', 4),
(62, 'FURTHER MATHEMATICS', 4),
(63, 'LIT. ENGLISH', 4),
(64, 'NUMBER WORK', 1),
(65, 'PRE-READING', 1),
(66, 'CREATIVE ART', 1),
(67, 'WRITING', 1),
(68, 'RHYMES', 1),
(69, 'SCIENCE', 1),
(70, 'HEALTH SCIENCE', 1),
(71, 'LANGUAGE DEVELOPMENT', 1),
(72, 'LIVING HABIT', 1);

-- --------------------------------------------------------

--
-- Table structure for table `teachers`
--

CREATE TABLE `teachers` (
  `id` int(11) NOT NULL,
  `First_Name` varchar(45) DEFAULT NULL,
  `Last_Name` varchar(45) DEFAULT NULL,
  `User_Name` varchar(45) DEFAULT NULL,
  `Password` varchar(45) DEFAULT NULL,
  `Classess_id` int(11) NOT NULL,
  `Classess_Section_id` int(11) NOT NULL
) ENGINE=InnoDB DEFAULT CHARSET=utf8;

-- --------------------------------------------------------

--
-- Table structure for table `terms`
--

CREATE TABLE `terms` (
  `id` int(11) NOT NULL,
  `Term` varchar(45) DEFAULT NULL,
  `Date_Started` timestamp NOT NULL DEFAULT CURRENT_TIMESTAMP ON UPDATE CURRENT_TIMESTAMP,
  `Next_Term_Start` varchar(45) NOT NULL,
  `Next_Term_Ends` varchar(45) NOT NULL,
  `Years_id` int(11) NOT NULL
) ENGINE=InnoDB DEFAULT CHARSET=utf8;

--
-- Dumping data for table `terms`
--

INSERT INTO `terms` (`id`, `Term`, `Date_Started`, `Next_Term_Start`, `Next_Term_Ends`, `Years_id`) VALUES
(7, '1ST', '2018-06-30 22:41:20', '2018-02-01', '2019-11-11', 11),
(8, '2ND', '2018-06-30 22:41:34', '', '', 11),
(10, '3RD', '0000-00-00 00:00:00', '2018-02-09', '2018-12-11', 11);

-- --------------------------------------------------------

--
-- Table structure for table `totalscore`
--

CREATE TABLE `totalscore` (
  `id` int(11) NOT NULL,
  `total_all_scores` smallint(6) NOT NULL,
  `Student_id` smallint(6) NOT NULL,
  `Class_id` smallint(6) NOT NULL,
  `Term_id` smallint(6) NOT NULL,
  `Year_id` smallint(6) NOT NULL
) ENGINE=InnoDB DEFAULT CHARSET=latin1;

-- --------------------------------------------------------

--
-- Table structure for table `years`
--

CREATE TABLE `years` (
  `id` int(11) NOT NULL,
  `Year` varchar(45) DEFAULT NULL,
  `Started_At` datetime DEFAULT NULL
) ENGINE=InnoDB DEFAULT CHARSET=utf8;

--
-- Dumping data for table `years`
--

INSERT INTO `years` (`id`, `Year`, `Started_At`) VALUES
(11, '2017/2018', '2018-06-30 23:33:09');

--
-- Indexes for dumped tables
--

--
-- Indexes for table `admin`
--
ALTER TABLE `admin`
  ADD PRIMARY KEY (`id`);

--
-- Indexes for table `classess`
--
ALTER TABLE `classess`
  ADD PRIMARY KEY (`id`,`Section_id`),
  ADD KEY `fk_Classess_Section1_idx` (`Section_id`);

--
-- Indexes for table `scores`
--
ALTER TABLE `scores`
  ADD PRIMARY KEY (`id`,`Students_id`,`Students_Classess_id`,`Terms_id`,`Terms_Years_id`,`Subjects_id`),
  ADD KEY `fk_Scores_Students1_idx` (`Students_id`,`Students_Classess_id`),
  ADD KEY `fk_Scores_Terms1_idx` (`Terms_id`,`Terms_Years_id`),
  ADD KEY `fk_Scores_Subjects1_idx` (`Subjects_id`);

--
-- Indexes for table `section`
--
ALTER TABLE `section`
  ADD PRIMARY KEY (`id`);

--
-- Indexes for table `students`
--
ALTER TABLE `students`
  ADD PRIMARY KEY (`id`,`Classess_id`),
  ADD KEY `fk_Students_Classess1_idx` (`Classess_id`);

--
-- Indexes for table `subjects`
--
ALTER TABLE `subjects`
  ADD PRIMARY KEY (`id`,`Section_id`),
  ADD KEY `fk_Subjects_Section1_idx` (`Section_id`);

--
-- Indexes for table `teachers`
--
ALTER TABLE `teachers`
  ADD PRIMARY KEY (`id`,`Classess_id`,`Classess_Section_id`),
  ADD KEY `fk_Teachers_Classess1_idx` (`Classess_id`,`Classess_Section_id`);

--
-- Indexes for table `terms`
--
ALTER TABLE `terms`
  ADD PRIMARY KEY (`id`,`Years_id`),
  ADD KEY `fk_Terms_Years1_idx` (`Years_id`);

--
-- Indexes for table `totalscore`
--
ALTER TABLE `totalscore`
  ADD PRIMARY KEY (`id`);

--
-- Indexes for table `years`
--
ALTER TABLE `years`
  ADD PRIMARY KEY (`id`);

--
-- AUTO_INCREMENT for dumped tables
--

--
-- AUTO_INCREMENT for table `admin`
--
ALTER TABLE `admin`
  MODIFY `id` int(11) NOT NULL AUTO_INCREMENT, AUTO_INCREMENT=4;

--
-- AUTO_INCREMENT for table `classess`
--
ALTER TABLE `classess`
  MODIFY `id` int(11) NOT NULL AUTO_INCREMENT, AUTO_INCREMENT=36;

--
-- AUTO_INCREMENT for table `scores`
--
ALTER TABLE `scores`
  MODIFY `id` int(11) NOT NULL AUTO_INCREMENT, AUTO_INCREMENT=3518;

--
-- AUTO_INCREMENT for table `section`
--
ALTER TABLE `section`
  MODIFY `id` int(11) NOT NULL AUTO_INCREMENT, AUTO_INCREMENT=5;

--
-- AUTO_INCREMENT for table `students`
--
ALTER TABLE `students`
  MODIFY `id` int(11) NOT NULL AUTO_INCREMENT, AUTO_INCREMENT=347;

--
-- AUTO_INCREMENT for table `subjects`
--
ALTER TABLE `subjects`
  MODIFY `id` int(11) NOT NULL AUTO_INCREMENT, AUTO_INCREMENT=73;

--
-- AUTO_INCREMENT for table `teachers`
--
ALTER TABLE `teachers`
  MODIFY `id` int(11) NOT NULL AUTO_INCREMENT;

--
-- AUTO_INCREMENT for table `terms`
--
ALTER TABLE `terms`
  MODIFY `id` int(11) NOT NULL AUTO_INCREMENT, AUTO_INCREMENT=11;

--
-- AUTO_INCREMENT for table `totalscore`
--
ALTER TABLE `totalscore`
  MODIFY `id` int(11) NOT NULL AUTO_INCREMENT;

--
-- AUTO_INCREMENT for table `years`
--
ALTER TABLE `years`
  MODIFY `id` int(11) NOT NULL AUTO_INCREMENT, AUTO_INCREMENT=12;

--
-- Constraints for dumped tables
--

--
-- Constraints for table `classess`
--
ALTER TABLE `classess`
  ADD CONSTRAINT `fk_Classess_Section1` FOREIGN KEY (`Section_id`) REFERENCES `section` (`id`) ON DELETE CASCADE ON UPDATE NO ACTION;

--
-- Constraints for table `scores`
--
ALTER TABLE `scores`
  ADD CONSTRAINT `fk_Scores_Students1` FOREIGN KEY (`Students_id`,`Students_Classess_id`) REFERENCES `students` (`id`, `Classess_id`) ON DELETE CASCADE ON UPDATE NO ACTION,
  ADD CONSTRAINT `fk_Scores_Subjects1` FOREIGN KEY (`Subjects_id`) REFERENCES `subjects` (`id`) ON DELETE NO ACTION ON UPDATE NO ACTION,
  ADD CONSTRAINT `fk_Scores_Terms1` FOREIGN KEY (`Terms_id`,`Terms_Years_id`) REFERENCES `terms` (`id`, `Years_id`) ON DELETE NO ACTION ON UPDATE NO ACTION;

--
-- Constraints for table `students`
--
ALTER TABLE `students`
  ADD CONSTRAINT `fk_Students_Classess1` FOREIGN KEY (`Classess_id`) REFERENCES `classess` (`id`) ON DELETE CASCADE ON UPDATE NO ACTION;

--
-- Constraints for table `subjects`
--
ALTER TABLE `subjects`
  ADD CONSTRAINT `fk_Subjects_Section1` FOREIGN KEY (`Section_id`) REFERENCES `section` (`id`) ON DELETE CASCADE ON UPDATE NO ACTION;

--
-- Constraints for table `teachers`
--
ALTER TABLE `teachers`
  ADD CONSTRAINT `fk_Teachers_Classess1` FOREIGN KEY (`Classess_id`) REFERENCES `classess` (`id`) ON DELETE NO ACTION ON UPDATE NO ACTION;

--
-- Constraints for table `terms`
--
ALTER TABLE `terms`
  ADD CONSTRAINT `fk_Terms_Years1` FOREIGN KEY (`Years_id`) REFERENCES `years` (`id`) ON DELETE CASCADE ON UPDATE NO ACTION;
COMMIT;

/*!40101 SET CHARACTER_SET_CLIENT=@OLD_CHARACTER_SET_CLIENT */;
/*!40101 SET CHARACTER_SET_RESULTS=@OLD_CHARACTER_SET_RESULTS */;
/*!40101 SET COLLATION_CONNECTION=@OLD_COLLATION_CONNECTION */;
